id,assessment_id,generated_at,executive_summary,prioritization_data,ai_suggestions,performance_impact,consultant_commentary,ai_adoption_score_details,roi_details
28,60,2025-05-21 15:38:38.774289,"As an AI transformation consultant, I have identified several key opportunities to accelerate Sammy's Slice of Heaven's sales cycle while increasing knowledge consistency and reducing the burden on sales engineers (SE) and sales development representatives (SDR).

Firstly, the most critical opportunity lies in the transformation to your Systems/IT/Infrastructure. By integrating intelligent automation, we can streamline pre-sales tasks, creating efficient workflows and reducing manual work. This will allow the SEs to focus on tasks that require human intelligence and emotional literacy, thus tremendously reducing their workload. With the high value-return of 8.4/5 and moderate effort needed at 5/5, this step will have a significant impact on reducing operational costs and improving productivity.

Secondly, refurbishing the SE strategy by using AI solutions can improve the standard of service provided to prospects and enable faster solutions to prospects' queries. With a value-return of 7.2/5 and an effort of 5/5, this change can ensure consistent communication throughout the team and improve the delivery of tailored solutions to prospects.

Thirdly, by automating tasks performed by SDRs, we can not only reduce their workload but also accelerate the sales cycle, making it more efficient. An improvement in this realm, also with a value-return of 6.7/5 and an effort of 5/5, will lead to quicker lead conversion, resulting in an increase in overall company revenue.

Our high-level implementation approach involves comprehensive training of team members, seamless integration of AI tools into current systems, and an iterative approach to ensure quality control and feedback incorporation.

Expected outcomes of this AI transformation journey include improved sales cycle speed, increased knowledge consistency across teams, and workload reduction of SEs and SDRs. This will result in increased productivity and potential revenue growth for Sammy's Slice of Heaven.

Finally, the strategic benefits include enhancing operational efficiency, improving customer service and engagement, reducing time-to-market, and increasing scalability. By embracing AI transformation, Sammy's Slice of Heaven will be better positioned to leverage the power of technology to realize its business goals and stay ahead in an increasingly competitive healthcare market.
","{""heatmap"": {""matrix"": {""low"": {""low"": {""items"": [], ""priority"": ""low""}, ""high"": {""items"": [], ""priority"": ""not_recommended""}, ""medium"": {""items"": [], ""priority"": ""low""}}, ""high"": {""low"": {""items"": [], ""priority"": ""high""}, ""high"": {""items"": [{""id"": 5, ""title"": ""Sales Engineer / Solutions Engineer (SE)"", ""department"": ""Sales""}, {""id"": 9, ""title"": ""Systems / IT / Infrastructure"", ""department"": ""IT""}, {""id"": 3, ""title"": ""Sales Development Representative (SDR)"", ""department"": ""Sales""}], ""priority"": ""medium""}, ""medium"": {""items"": [], ""priority"": ""high""}}, ""medium"": {""low"": {""items"": [], ""priority"": ""high""}, ""high"": {""items"": [], ""priority"": ""low""}, ""medium"": {""items"": [], ""priority"": ""medium""}}}}, ""prioritizedItems"": [{""id"": 9, ""title"": ""Systems / IT / Infrastructure"", ""priority"": ""medium"", ""department"": ""IT"", ""valueLevel"": ""high"", ""valueScore"": 8.4, ""effortLevel"": ""high"", ""effortScore"": 5}, {""id"": 5, ""title"": ""Sales Engineer / Solutions Engineer (SE)"", ""priority"": ""medium"", ""department"": ""Sales"", ""valueLevel"": ""high"", ""valueScore"": 7.2, ""effortLevel"": ""high"", ""effortScore"": 5}, {""id"": 3, ""title"": ""Sales Development Representative (SDR)"", ""priority"": ""medium"", ""department"": ""Sales"", ""valueLevel"": ""high"", ""valueScore"": 6.7, ""effortLevel"": ""high"", ""effortScore"": 5}]}","[{""roleId"": 9, ""roleTitle"": ""Systems / IT / Infrastructure"", ""capabilities"": [{""name"": ""Automated Systems / IT / Infrastructure Task Processing"", ""description"": ""Automates repetitive tasks specific to the Systems / IT / Infrastructure role. (Fallback Data) (Error saving details)""}, {""name"": ""AI-Powered Decision Support for IT"", ""description"": ""Provides data-driven insights to aid Systems / IT / Infrastructure in making informed decisions. (Fallback Data) (Error saving details)""}]}, {""roleId"": 5, ""roleTitle"": ""Sales Engineer / Solutions Engineer (SE)"", ""capabilities"": [{""name"": ""Automated Sales Engineer / Solutions Engineer (SE) Task Processing"", ""description"": ""Automates repetitive tasks specific to the Sales Engineer / Solutions Engineer (SE) role. (Fallback Data) (Error saving details)""}, {""name"": ""AI-Powered Decision Support for Sales"", ""description"": ""Provides data-driven insights to aid Sales Engineer / Solutions Engineer (SE) in making informed decisions. (Fallback Data) (Error saving details)""}]}, {""roleId"": 3, ""roleTitle"": ""Sales Development Representative (SDR)"", ""capabilities"": [{""name"": ""Automated Sales Development Representative (SDR) Task Processing"", ""description"": ""Automates repetitive tasks specific to the Sales Development Representative (SDR) role. (Fallback Data) (Error saving details)""}, {""name"": ""AI-Powered Decision Support for Sales"", ""description"": ""Provides data-driven insights to aid Sales Development Representative (SDR) in making informed decisions. (Fallback Data) (Error saving details)""}]}]","{""roleImpacts"": [{""metrics"": [{""name"": ""Process efficiency"", ""improvement"": 30}, {""name"": ""Error reduction"", ""improvement"": 25}], ""roleTitle"": ""Systems / IT / Infrastructure""}, {""metrics"": [{""name"": ""RFP response time"", ""improvement"": 30}, {""name"": ""Proposal quality"", ""improvement"": 25}, {""name"": ""Deal analysis time"", ""improvement"": 40}], ""roleTitle"": ""Sales Engineer / Solutions Engineer (SE)""}, {""metrics"": [{""name"": ""RFP response time"", ""improvement"": 30}, {""name"": ""Proposal quality"", ""improvement"": 25}, {""name"": ""Deal analysis time"", ""improvement"": 40}], ""roleTitle"": ""Sales Development Representative (SDR)""}], ""estimatedRoi"": 790000}","","{""score"": 17, ""components"": {""timeSaved"": 70, ""toolSprawl"": 1, ""adoptionRate"": 80, ""costEfficiency"": 100, ""performanceImprovement"": 100}}","{""roiRatio"": 8.057894736842105, ""annualRoi"": 612400, ""costSavings"": 367440, ""aiInvestment"": 76000, ""additionalRevenue"": 244960}"
