tool_id,tool_name,primary_category,license_type,description,website_url,tags,created_at,updated_at
1,Google Cloud Natural Language API,NLP,Commercial,"Google Cloud Natural Language API uses machine learning to understand text and extract information about people, places, and events. It provides features like sentiment analysis, entity analysis, and syntax analysis, enabling applications to understand the context and meaning of text.",https://cloud.google.com/natural-language,"{NLP,""machine learning"",""text analysis"",""Google Cloud""}",2025-04-27 16:11:26.908224,2025-04-27 16:11:26.908224
2,IBM Watson Natural Language Understanding,NLP,Commercial,"IBM Watson Natural Language Understanding is a cloud-native product that uses deep learning to analyze text for concepts, entities, keywords, categories, sentiment, emotion, and more. It helps businesses to understand complex text and make better data-driven decisions.",https://www.ibm.com/cloud/watson-natural-language-understanding,"{NLP,""IBM Watson"",""text analytics"",""sentiment analysis""}",2025-04-27 16:11:26.922195,2025-04-27 16:11:26.922195
3,spaCy,NLP,Open Source,"spaCy is an open-source software library for advanced natural language processing, designed specifically for production use. It supports over 60 languages and offers features like tokenization, named entity recognition, part of speech tagging, and dependency parsing.",https://spacy.io,"{NLP,""open source"",""text processing"",""language models""}",2025-04-27 16:11:26.923673,2025-04-27 16:11:26.923673
16,Tableau,Data Visualization,Commercial,"Tableau is a powerful data visualization tool that allows users to create interactive and shareable dashboards. It helps in analyzing sales data by providing features like trend analysis, forecasting, and segmentation, which can be used to identify patterns and opportunities in sales data.",https://www.tableau.com,"{""data visualization"",""sales analysis"",""trend analysis"",forecasting}",2025-04-27 16:11:26.938372,2025-04-27 16:11:26.989235
6,Hugging Face Transformers,NLP,Open Source,"Transformers library by Hugging Face provides state-of-the-art general-purpose architectures for natural language understanding and generation. It includes thousands of pre-trained models, including models for text response generation like BERT, GPT-2, and RoBERTa, which can be fine-tuned for specific tasks.",https://huggingface.co/transformers,"{AI,NLP,""machine learning"",""Hugging Face"",Transformers,""text generation""}",2025-04-27 16:11:26.928154,2025-04-27 16:11:26.928154
8,Google Cloud Natural Language AI,NLP,Commercial,"Google Cloud Natural Language AI provides a suite of language understanding technologies, including an API that can be used for generating text responses. It leverages Google's machine learning technology to understand and generate human-like text for a variety of applications.",https://cloud.google.com/natural-language,"{AI,NLP,""Google Cloud"",""text generation"",""machine learning""}",2025-04-27 16:11:26.930297,2025-04-27 16:11:26.930297
9,Elasticsearch,Search Engine,Open Source,"Elasticsearch is a distributed, RESTful search and analytics engine capable of addressing a large number of use cases, including knowledge base integration. It allows users to store, search, and analyze big volumes of data quickly and in near real time. Elasticsearch is commonly used to enable search capabilities over documents and content within a knowledge base.",https://www.elastic.co/elasticsearch/,"{""search engine"",analytics,""big data"",real-time}",2025-04-27 16:11:26.931294,2025-04-27 16:11:26.931294
10,Algolia,Search API,Freemium,"Algolia provides a hosted search API that enables developers to integrate search functionality into their applications and knowledge bases. It offers a powerful, fast, and scalable search experience with features like typo tolerance, filters, and synonyms that enhance the retrieval of information from knowledge repositories.",https://www.algolia.com/,"{""hosted API"",search,scalable,""typo tolerance""}",2025-04-27 16:11:26.932613,2025-04-27 16:11:26.932613
11,Apache Solr,Search Platform,Open Source,"Apache Solr is an open-source search platform built on Apache Lucene. It is highly reliable, scalable, and fault tolerant, providing distributed indexing, replication, and load-balanced querying with a centralized configuration. Solr is widely used for enterprise search and analytics use cases, including integrating with knowledge bases to facilitate information retrieval.",https://solr.apache.org/,"{""enterprise search"",indexing,""Apache Lucene"",scalable}",2025-04-27 16:11:26.933669,2025-04-27 16:11:26.933669
12,Microsoft Azure Cognitive Search,Cloud Search Service,Commercial,"Azure Cognitive Search is a cloud search service with built-in AI capabilities that enrich all types of information to easily identify and explore relevant content at scale. It supports integration with knowledge bases, providing capabilities such as natural language processing, AI-powered insights, and complex search queries over structured and unstructured data.",https://azure.microsoft.com/en-us/services/search/,"{""cloud service"",""AI capabilities"",NLP,""data insights""}",2025-04-27 16:11:26.934705,2025-04-27 16:11:26.934705
13,RFPIO,Document Processing,Commercial,RFPIO is a response management platform that uses AI to help streamline the process of responding to RFPs (Request for Proposals). It features advanced capabilities to automatically extract questions from RFP documents and uses a content library to generate accurate and relevant draft responses. This helps organizations save time and improve the quality of their proposal submissions.,https://www.rfpio.com,"{RFP,automation,""document processing"",AI,""proposal management""}",2025-04-27 16:11:26.935659,2025-04-27 16:11:26.935659
14,Loopio,Document Processing,Commercial,"Loopio is a platform designed to help businesses manage RFP responses more efficiently. It leverages machine learning to automatically extract questions from RFPs and populate answers using a pre-built library. Loopio also facilitates collaboration among team members, making it easier to craft tailored responses to complex RFPs.",https://www.loopio.com,"{RFP,""response automation"",collaboration,""machine learning""}",2025-04-27 16:11:26.936478,2025-04-27 16:11:26.936478
15,Qvidian,Document Processing,Commercial,"Qvidian by Upland Software offers automated RFP and proposal generation tools that help organizations increase efficiency in their sales cycles. The tool uses AI to analyze RFP documents, extract pertinent questions, and assist in creating detailed, customized responses based on a centralized content database.",https://uplandsoftware.com/qvidian/,"{RFP,""proposal automation"",""sales enablement"",""content management""}",2025-04-27 16:11:26.9376,2025-04-27 16:11:26.9376
7,IBM Watson Assistant,NLP,Commercial,"IBM Watson Assistant is a conversational AI platform designed to generate human-like text responses in various applications, such as customer service bots. It uses natural language understanding and machine learning to interpret user inputs and generate relevant responses.",https://www.ibm.com/cloud/watson-assistant,"{AI,NLP,""IBM Watson"",chatbot,""customer service""}",2025-04-27 16:11:26.929249,2025-04-27 16:11:27.258134
17,Microsoft Power BI,Business Intelligence,Freemium,"Microsoft Power BI is a suite of business analytics tools that deliver insights throughout your organization. It enables users to connect to hundreds of data sources, simplify data prep, and drive ad hoc analysis for sales data. Power BI provides robust analytics and reporting features to help identify trends and opportunities in sales.",https://powerbi.microsoft.com,"{""business intelligence"",""data analysis"",reporting,""sales data""}",2025-04-27 16:11:26.939293,2025-04-27 16:11:26.939293
18,Looker,Business Intelligence,Commercial,"Looker is a business intelligence software and big data analytics platform that helps you explore, analyze and share real-time business analytics easily. It facilitates the analysis of sales data through its robust data modeling and visualization capabilities, helping businesses uncover trends and make data-driven decisions.",https://looker.com,"{""business intelligence"",""data analytics"",visualization,""sales trends""}",2025-04-27 16:11:26.941858,2025-04-27 16:11:26.941858
19,Sisense,Business Intelligence,Commercial,Sisense empowers analysts and business users to simplify complex data and provide insights using powerful dashboarding and data analytics tools. It supports sales data analysis by allowing users to merge data from different sources and visualize data to identify trends and generate actionable insights.,https://www.sisense.com,"{""data integration"",analytics,dashboard,""sales insights""}",2025-04-27 16:11:26.942873,2025-04-27 16:11:26.942873
20,Qlik Sense,Data Visualization,Commercial,"Qlik Sense is a self-service data analytics and visualization tool that uses an associative analytics engine, sophisticated AI, and high performance cloud platform to help users make data-driven decisions. It is particularly effective in analyzing sales data, offering dynamic visualizations and interactive dashboards for spotting trends and opportunities.",https://www.qlik.com,"{""data visualization"",""self-service analytics"",AI,""sales data analysis""}",2025-04-27 16:11:26.943907,2025-04-27 16:11:26.943907
4,OpenAI GPT-3,NLP,Commercial,"GPT-3, developed by OpenAI, is one of the most powerful language processing AI models available. It excels in understanding and generating human-like text, enabling applications to perform tasks like translation, summarization, and question answering.",https://openai.com/gpt-3,"{NLP,OpenAI,""language model"",""text generation""}",2025-04-27 16:11:26.925021,2025-04-27 16:11:26.944898
22,Jasper,Content Creation,Commercial,"Jasper is an AI-powered content generation tool that helps users create high-quality content for blogs, social media, websites, and more. It uses machine learning to understand context and generate relevant and engaging content.",https://www.jasper.ai,"{""content marketing"",""AI writer"",""blogging tool"",""content automation""}",2025-04-27 16:11:26.945789,2025-04-27 16:11:26.945789
23,Writesonic,Content Creation,Freemium,"Writesonic is an AI tool designed to help with marketing content creation, including ads, emails, and blog posts. It uses artificial intelligence to generate creative and compelling text that captures attention and engages readers.",https://writesonic.com,"{""digital marketing"",""AI content generator"",""copywriting tool"",""content creation""}",2025-04-27 16:11:26.946558,2025-04-27 16:11:26.946558
24,CopyAI,Content Creation,Freemium,"CopyAI is an automated copywriting tool that uses AI to help users generate marketing copy instantly. It's designed to produce various types of content such as social media posts, blog posts, and email newsletters.",https://www.copy.ai,"{""AI copywriting"",""content generation"",""marketing tool"",""AI marketing""}",2025-04-27 16:11:26.947293,2025-04-27 16:11:26.947293
30,Copy.ai,AI Writing Assistant,Freemium,"Copy.ai is an AI-powered tool that assists in generating marketing copy, including value propositions. It uses advanced algorithms to understand the product features and benefits, tailoring the communication to meet the specific needs of the target audience.",https://www.copy.ai,"{Copywriting,""AI Tool"",Marketing,""Value Proposition"",Automation}",2025-04-27 16:11:26.951697,2025-04-27 16:11:26.951697
27,Anaplan,Business Planning,Commercial,"Anaplan's Connected Planning platform leverages AI to help sales teams manage and achieve their quotas. It provides tools for sales planning, forecasting, and scenario analysis, which help in making informed decisions to meet sales targets.",https://www.anaplan.com/,"{""Sales Planning"",AI,Forecasting,""Quota Management""}",2025-04-27 16:11:26.949362,2025-04-27 16:11:27.23151
28,Persado,Marketing Automation,Commercial,Persado uses AI to generate persuasive language for communications tailored to audience segments. This tool leverages natural language processing and machine learning to craft messages that effectively communicate the value propositions of products or services to different customer profiles.,https://www.persado.com,"{""AI Marketing"",NLP,""Machine Learning"",""Value Proposition"",""Customer Engagement""}",2025-04-27 16:11:26.950138,2025-04-27 16:11:26.992635
29,Phrasee,Content Generation,Commercial,"Phrasee uses AI to power its language generation for marketing copy, focusing on creating brand-consistent, engaging content that communicates a productâ€™s value proposition effectively. It analyzes existing marketing language and audience reactions to tailor messages that resonate with specific customer segments.",https://www.phrasee.co,"{""Content Marketing"",""AI Writing"",""Email Marketing"",Personalization,""Value Communication""}",2025-04-27 16:11:26.950801,2025-04-27 16:11:26.992991
33,Outreach,Sales Engagement,Commercial,"Outreach is a sales engagement platform that leverages AI to optimize customer interactions. It assists sales leaders by automating routine tasks, providing actionable insights, and enabling personalized communication strategies that can influence sales outcomes.",https://www.outreach.io/,"{""sales automation"",AI,""customer engagement"",""sales productivity""}",2025-04-27 16:11:26.954079,2025-04-27 16:11:27.259027
26,Xactly,Sales Performance Management,Commercial,"Xactly offers a comprehensive suite of AI-driven sales performance management tools that help in setting, tracking, and analyzing sales quotas. It uses data-driven insights to optimize sales strategies and improve quota attainment.",https://www.xactlycorp.com/,"{""Sales Management"",""Performance Tracking"",AI,""Quota Achievement""}",2025-04-27 16:11:26.948722,2025-04-27 16:11:27.258735
31,Salesforce Einstein,CRM AI,Commercial,"Salesforce Einstein is an AI layer integrated within the Salesforce platform that enhances CRM capabilities by providing AI-driven insights, predictions, and recommendations. It helps sales leaders by analyzing customer data to offer guidance on the most effective sales strategies and personalizing customer interactions to drive sales.",https://www.salesforce.com/products/einstein/overview/,"{AI,CRM,""sales automation"",""customer insights"",""sales leadership""}",2025-04-27 16:11:26.9523,2025-04-27 16:11:27.270266
39,Microsoft Dynamics 365 Sales,CRM,Commercial,"Microsoft Dynamics 365 Sales integrates AI-driven insights to facilitate collaborative territory management. It helps in defining and managing territories, using AI to forecast sales and identify high-potential accounts within those territories. The platform supports collaboration across teams, ensuring aligned goals and strategies.",https://dynamics.microsoft.com/en-us/sales/overview/,"{""AI insights"",""territory management"",forecasting,collaboration}",2025-04-27 16:11:26.957899,2025-04-27 16:11:26.957899
42,Prisync,Pricing Intelligence,Commercial,"Prisync is a competitor price tracking and monitoring software for all sizes of e-commerce companies worldwide. It helps businesses to demonstrate competitive pricing strategies by providing detailed comparisons and analytics, which can be used to highlight cost advantages in product demonstrations.",https://www.prisync.com,"{""price tracking"",e-commerce,""competitive pricing""}",2025-04-27 16:11:26.959656,2025-04-27 16:11:26.959656
34,Drift,Conversational AI,Commercial,"Drift is an AI-powered conversational marketing platform that engages with potential customers at the early stages of the sales cycle. It provides personalized chatbot interactions that can demonstrate products, answer queries, and guide users through initial sales processes, effectively enhancing client understanding and engagement.",https://www.drift.com,"{""AI chatbot"",""sales support"",""customer engagement"",""conversational marketing""}",2025-04-27 16:11:26.954876,2025-04-27 16:11:27.266029
56,Chorus.ai,Sales Enablement,Commercial,"Chorus.ai is an AI-driven platform that records, transcribes, and analyzes sales calls to provide actionable insights. It helps in mentoring junior sales staff by identifying successful sales tactics and areas for improvement, offering personalized feedback based on real sales interactions.",https://www.chorus.ai,"{AI,""Sales Training"",Mentorship,""Call Analysis""}",2025-04-27 16:11:26.9668,2025-04-27 16:11:27.27663
45,Trello,Project Management,Freemium,"Trello is a web-based Kanban-style list-making application which is great for managing projects across sales and technical teams. It allows users to create tasks, assign them to team members, and track progress collaboratively.",https://trello.com,"{""project management"",kanban,""task management"",collaboration,sales,technical}",2025-04-27 16:11:26.961074,2025-04-27 16:11:27.263766
46,Microsoft Teams,Communication,Commercial,"Microsoft Teams is a unified communication and collaboration platform that combines persistent workplace chat, video meetings, file storage, and application integration. It is designed to help teams collaborate more effectively, and integrates with various sales and technical tools.",https://teams.microsoft.com,"{communication,collaboration,meetings,chat,sales,technical}",2025-04-27 16:11:26.961711,2025-04-27 16:11:27.262786
43,Owler,Business Intelligence,Freemium,"Owler offers news alerts, company profiles, and polls about competitors, which can be leveraged to understand and demonstrate a product's unique position and advantages in the market.",https://www.owler.com,"{""company news"",""competitive insights"",""market trends""}",2025-04-27 16:11:26.960149,2025-04-27 16:11:27.274013
40,Crayon,Competitive Intelligence,Commercial,"Crayon provides a competitive intelligence platform that enables businesses to track, analyze, and act on everything happening outside their four walls. Its features include capturing and analyzing competitor data which can be used to highlight a product's competitive advantages in demonstrations.",https://www.crayon.co,"{""competitive analysis"",""market intelligence"",""product demonstration""}",2025-04-27 16:11:26.958366,2025-04-27 16:11:27.272549
50,HubSpot Sales Hub,Sales Automation,Freemium,HubSpot Sales Hub utilizes machine learning to provide sales teams with insights into the most effective sales strategies and customer engagement techniques. It adapts recommendations based on ongoing sales data and market conditions.,https://www.hubspot.com/products/sales,"{""sales automation"",AI,""machine learning"",""dynamic sales strategy""}",2025-04-27 16:11:26.963637,2025-04-27 16:11:27.269123
44,Slack,Communication,Freemium,Slack is a messaging app for teams that makes it easy for sales teams to communicate with technical departments in real-time. It supports integration with various AI and automation tools to streamline workflows and enhance collaboration.,https://slack.com,"{messaging,collaboration,real-time,integration,sales,technical}",2025-04-27 16:11:26.960616,2025-04-27 16:11:27.263062
25,Clari,Sales Performance Management,Commercial,"Clari uses AI to enhance visibility into the sales process, helping sales teams to forecast and manage quotas more effectively. It provides real-time insights into sales performance and predictive analytics to guide sales strategies, ensuring quota achievement.",https://www.clari.com/,"{AI,""Sales Forecasting"",""Quota Management"",""Predictive Analytics""}",2025-04-27 16:11:26.947959,2025-04-27 16:11:27.274849
41,Kompyte,Competitive Intelligence,Commercial,Kompyte helps companies track their competitors in real-time and automatically reacts to their moves. It provides insights and analytics that can be used to demonstrate a product's superiority over competitors during sales pitches and marketing campaigns.,https://www.kompyte.com,"{""real-time tracking"",""competitive analysis"",""sales enablement""}",2025-04-27 16:11:26.959101,2025-04-27 16:11:27.25281
38,Zoho CRM,CRM,Freemium,"Zoho CRM offers territory management that helps businesses design and manage multiple territories by analyzing sales performance and potential. It features collaborative tools that enable teams to work together in real-time, ensuring efficient territory alignment and maximizing sales opportunities.",https://www.zoho.com/crm/,"{""territory management"",""real-time collaboration"",""sales analytics"",CRM}",2025-04-27 16:11:26.957306,2025-04-27 16:11:27.275108
47,Asana,Project Management,Freemium,"Asana is a project management tool that helps teams organize, track, and manage their work. It's particularly useful for sales and technical teams to collaborate on projects, with features that facilitate task assignments, deadlines, and updates.",https://asana.com,"{""project management"",""task tracking"",collaboration,sales,technical}",2025-04-27 16:11:26.962219,2025-04-27 16:11:27.263352
37,Salesforce Sales Cloud,CRM,Commercial,"Salesforce Sales Cloud provides advanced AI capabilities through its Einstein AI platform, which includes features for collaborative territory management. It allows sales teams to plan and optimize territories based on historical data and predictive analytics, enhancing collaboration and strategic decision-making.",https://www.salesforce.com/products/sales-cloud/overview/,"{""collaborative territory management"",""sales optimization"",""predictive analytics"",CRM}",2025-04-27 16:11:26.956642,2025-04-27 16:11:27.274591
66,Kissflow,Workflow Automation,Freemium,"Kissflow is a cloud-based workflow and process automation platform that enables organizations to manage, automate, and optimize their business processes. It empowers employees to contribute to operational improvements by providing tools to create and modify workflows, thereby fostering a culture of continuous innovation.",https://kissflow.com/,"{""workflow automation"",""process management"",""continuous improvement"",innovation}",2025-04-27 16:11:26.971076,2025-04-27 16:11:26.971076
70,Nudge.ai,Relationship Intelligence,Commercial,Nudge.ai is an AI-powered platform that provides relationship intelligence. It helps businesses understand and leverage their relationships with executives by offering actionable insights based on communication patterns and network strength.,https://nudge.ai/,"{""AI networking"",""executive relationships"",""business intelligence""}",2025-04-27 16:11:26.972594,2025-04-27 16:11:26.972594
71,BoardEx,Analytics,Commercial,"BoardEx is an advanced analytics platform that focuses on relationship mapping. It helps organizations identify and leverage connections with key executives, providing detailed profiles and relationship strength indicators.",https://www.boardex.com/,"{""executive relationships"",""relationship mapping"",""strategic planning""}",2025-04-27 16:11:26.972949,2025-04-27 16:11:26.972949
73,PathFactory,Content Marketing,Commercial,"PathFactory employs AI to analyze customer engagement with content across various channels, helping businesses understand customer interests and pain points. This data allows companies to develop a deep understanding of the customer's business needs and tailor their marketing and sales strategies accordingly.",https://www.pathfactory.com,"{""Content Engagement"",AI,""Marketing Automation"",""Customer Understanding""}",2025-04-27 16:11:26.973748,2025-04-27 16:11:26.973748
77,Zilliant IQ,Pricing and Sales Optimization,Commercial,Zilliant IQ is an AI-driven pricing and sales solution that optimizes pricing strategies and identifies sales opportunities. It supports strategic account leadership by enabling personalized account planning and execution strategies based on comprehensive data analysis.,https://www.zilliant.com/solutions/zilliant-iq,"{AI,""pricing strategy"",""sales optimization"",""account management"",""data analysis""}",2025-04-27 16:11:26.975277,2025-04-27 16:11:26.975277
58,Jiminny,Sales Training,Commercial,"Jiminny is a platform designed for coaching and developing sales teams. It uses AI to capture and analyze sales conversations, providing feedback and training modules tailored to individual needs, thereby enhancing the mentorship process for junior sales staff.",https://www.jiminny.com,"{AI,""Sales Development"",""Training Platform"",""Conversation Intelligence""}",2025-04-27 16:11:26.967734,2025-04-27 16:11:27.262256
85,Hubdoc,Financial Document Management,Commercial,"Hubdoc is a financial document automation tool that automatically collects bank statements, bills, and receipts from various sources, using AI to extract key data and organize documents efficiently. It integrates with accounting software like Xero to streamline financial document management.",https://www.hubdoc.com,"{""document automation"",""financial management"",""data extraction""}",2025-04-27 16:11:26.978367,2025-04-27 16:11:26.978367
86,AutoEntry,Data Entry Automation,Commercial,"AutoEntry is an AI-powered tool that automates data entry by capturing, analyzing, and organizing financial documents. It supports a wide range of document types including bills, invoices, and receipts, making it ideal for preparing for financial meetings by ensuring all documents are accurately organized and accessible.",https://www.autoentry.com,"{""data capture"",""financial documents"",automation}",2025-04-27 16:11:26.978978,2025-04-27 16:11:26.978978
68,Monday.com,Project Management,Freemium,"Monday.com is a work operating system that allows teams to create workflow apps in minutes to run their processes, projects, and everyday work. Tools within Monday.com enable teams to continuously improve operational processes and foster innovation through better collaboration and workflow customization.",https://monday.com,"{""project management"",""workflow customization"",collaboration,innovation}",2025-04-27 16:11:26.971835,2025-04-27 16:11:27.251781
74,Node,AI Analytics,Commercial,"Node uses artificial intelligence to discover new business opportunities by analyzing relationships between people, companies, products, and markets. This tool helps in understanding the customer's business context, strategic goals, and industry dynamics, enabling personalized solution offerings.",https://www.node.io,"{AI,""Business Development"",""Market Intelligence"",Personalization}",2025-04-27 16:11:26.974076,2025-04-27 16:11:27.178667
65,Pega Platform,Business Process Management,Commercial,"Pega Platform is a digital process automation tool that helps organizations streamline operations and improve customer engagement. It provides AI-powered decisioning capabilities that allow employees to optimize and innovate operational processes, enhancing productivity and customer satisfaction.",https://www.pega.com/,"{""process automation"",""AI decisioning"",""customer engagement"",innovation}",2025-04-27 16:11:26.970511,2025-04-27 16:11:27.254445
64,UiPath,Robotic Process Automation,Commercial,"UiPath is a Robotic Process Automation (RPA) tool that helps businesses automate repetitive tasks. It can be used to improve operational processes by enabling employees to design automation workflows, which can lead to increased efficiency and innovation in daily operations.",https://www.uipath.com/,"{RPA,automation,""operational efficiency"",innovation}",2025-04-27 16:11:26.970087,2025-04-27 16:11:27.253793
69,Affinity,CRM,Commercial,Affinity uses AI to analyze communication data and automatically capture relationship insights. It helps users manage executive relationships by providing insights into interaction histories and suggesting the best paths to strengthen these connections.,https://www.affinity.co/,"{""relationship management"",""executive engagement"",""AI CRM""}",2025-04-27 16:11:26.972253,2025-04-27 16:11:27.272854
59,MindTickle,Sales Enablement,Commercial,"MindTickle offers a sales readiness platform that uses AI to provide data-driven insights for sales training and coaching. It helps in creating personalized learning paths for junior sales staff, ensuring they are trained based on proven best practices and individual performance metrics.",https://www.mindtickle.com,"{""Sales Readiness"",""AI Training"",""Personalized Learning"",""Sales Performance""}",2025-04-27 16:11:26.968101,2025-04-27 16:11:27.178983
67,IBM Watson,AI Platform,Commercial,"IBM Watson offers AI and machine learning solutions that can be applied across various business operations to enhance decision-making and process efficiencies. It supports operational improvement by providing insights and predictive analytics, enabling employees to innovate and improve their work processes.",https://www.ibm.com/watson,"{AI,""machine learning"",""predictive analytics"",""operational improvement""}",2025-04-27 16:11:26.971452,2025-04-27 16:11:27.254771
87,Receipt Bank,Financial Document Management,Commercial,"Now known as Dext Prepare, this tool extracts information from financial documents using machine learning. It helps businesses collect, process, and store receipts, invoices, and other financial documents efficiently, ensuring that all necessary paperwork is prepared and organized before any financial meeting.",https://dext.com,"{""receipt management"",""invoice processing"",""document storage""}",2025-04-27 16:11:26.97932,2025-04-27 16:11:26.97932
89,Qualtrics CustomerXM,Customer Experience Management,Commercial,"Qualtrics CustomerXM uses machine learning and predictive analytics to monitor and analyze customer interactions across multiple channels. It provides insights into customer sentiment and behavior, helping businesses enhance their customer satisfaction strategies.",https://www.qualtrics.com/customer-experience/,"{""customer experience"",""predictive analytics"",""machine learning"",""customer insights""}",2025-04-27 16:11:26.980039,2025-04-27 16:11:26.980039
91,Zendesk,Customer Support,Commercial,"Zendesk provides a suite of tools including support, chat, and call center solutions that integrate AI to enhance customer service interactions. Its AI capabilities help in automating responses and analyzing customer satisfaction trends to improve service quality.",https://www.zendesk.com,"{""customer support"",""AI automation"",""service quality"",""customer satisfaction""}",2025-04-27 16:11:26.980847,2025-04-27 16:11:26.980847
102,Ada,Customer Support AI,Commercial,"Ada is an AI-powered platform that automates customer service interactions and provides technical consultation and support. It uses natural language processing to understand and respond to user inquiries, making it suitable for providing expert advice in technical fields.",https://www.ada.cx/,"{""AI Chatbot"",""Customer Service"",NLP,""Technical Support""}",2025-04-27 16:11:26.984695,2025-04-27 16:11:26.984695
103,Watson Assistant,AI Chatbot,Commercial,"IBM's Watson Assistant uses AI to help businesses build conversational interfaces into any application, device, or channel. It can be used for technical consultation by understanding complex technical queries and providing precise answers or guidance using its advanced natural language processing capabilities.",https://www.ibm.com/cloud/watson-assistant/,"{NLP,Chatbot,""Technical Support"",""AI Assistant""}",2025-04-27 16:11:26.985041,2025-04-27 16:11:26.985041
100,Freshsales,CRM AI,Commercial,"Freshsales by Freshworks uses AI to offer predictive contact scoring, which prioritizes leads based on their likelihood of conversion. It also features AI-driven insights for sales forecasting and customer engagement analysis.",https://www.freshworks.com/crm/sales/,"{CRM,""lead scoring"",""sales forecasting"",""customer insights""}",2025-04-27 16:11:26.984006,2025-04-27 16:11:27.269985
115,Market Explorer by SimilarWeb,Digital Market Intelligence,Commercial,"Market Explorer provides digital market intelligence by analyzing web traffic and engagement metrics. This tool helps businesses understand online market sizes, customer behaviors, and benchmark against competitors, which is vital for digital market expansion strategies.",https://www.similarweb.com/corp/solutions/market-research/,"{""market research"",""traffic analysis"",""competitive benchmarking"",""digital strategy""}",2025-04-27 16:11:26.989602,2025-04-27 16:11:26.989602
99,HubSpot CRM,CRM AI,Freemium,"HubSpot CRM integrates AI to streamline customer relationship management processes. It features tools for email scheduling, lead scoring, and chatbots that provide real-time assistance to customers, enhancing engagement and satisfaction.",https://www.hubspot.com/products/crm,"{CRM,""lead scoring"",chatbots,""customer support""}",2025-04-27 16:11:26.983667,2025-04-27 16:11:27.003368
88,Medallia,Customer Experience Management,Commercial,"Medallia captures customer feedback across web, mobile, and social channels, analyzes it in real-time, and delivers actionable insights to improve customer satisfaction. It uses advanced AI algorithms to understand customer sentiments and trends.",https://www.medallia.com,"{""customer feedback"",""AI analytics"",real-time,""customer satisfaction""}",2025-04-27 16:11:26.97967,2025-04-27 16:11:27.239366
105,Rasa,AI Framework,Open Source,Rasa is an open-source machine learning framework for automated text and voice-based conversations. Developers can use Rasa to create sophisticated AI assistants capable of providing technical consultation and support by understanding and processing user queries in a conversational context.,https://rasa.com/,"{""Open Source"",Chatbot,""Machine Learning"",""Technical Support""}",2025-04-27 16:11:26.985903,2025-04-27 16:11:27.033416
54,Gong.io,Sales Enablement,Commercial,Gong.io uses AI to analyze communication data within sales teams to provide insights into customer interactions and sales processes. It helps sales professionals understand what strategies work best at different stages of the sales cycle and how to tailor their approach to meet the needs of each deal.,https://www.gong.io/,"{AI,""Sales Cycle"",""Communication Analysis"",""Sales Strategy""}",2025-04-27 16:11:26.965915,2025-04-27 16:11:27.276908
104,Zendesk Answer Bot,Customer Support AI,Commercial,"Zendesk Answer Bot is designed to improve customer support by using machine learning to automatically respond to customer inquiries. It can be integrated into technical support scenarios to provide immediate, automated responses to technical questions, thereby enhancing the efficiency of support teams.",https://www.zendesk.com/service/answer-bot/,"{""Customer Support"",""AI Bot"",""Machine Learning"",""Technical Consultation""}",2025-04-27 16:11:26.985565,2025-04-27 16:11:27.257834
90,Clarabridge,Customer Feedback Analysis,Commercial,"Clarabridge offers a comprehensive solution for analyzing customer feedback from various sources including social media, emails, and call center communications. It uses natural language processing (NLP) to extract meaningful insights from unstructured data, aiding in customer satisfaction improvement.",https://www.clarabridge.com,"{NLP,""customer feedback"",""data analysis"",""customer satisfaction""}",2025-04-27 16:11:26.9804,2025-04-27 16:11:27.239849
101,Pipedrive,CRM AI,Commercial,Pipedrive incorporates AI to automate repetitive tasks and provide sales forecasting. Its AI capabilities help in managing leads and deals by predicting future sales outcomes and suggesting actions to improve sales processes.,https://www.pipedrive.com,"{CRM,""sales automation"",forecasting,""lead management""}",2025-04-27 16:11:26.984353,2025-04-27 16:11:27.268831
113,CB Insights,Market Intelligence,Commercial,"CB Insights leverages machine learning to analyze millions of data points on venture capital, startups, patents, partnerships, and news mentions to help companies discover and understand the competitive landscape in new markets. This tool is essential for developing informed market expansion strategies.",https://www.cbinsights.com/,"{""AI analytics"",""market trends"",""competitive analysis"",""strategic planning""}",2025-04-27 16:11:26.988578,2025-04-27 16:11:27.273711
122,Microsoft Dynamics 365 AI,Business Intelligence,Commercial,"This tool leverages AI to provide insights into business processes and customer needs, facilitating effective solution recommendations based on deep learning of company products. It helps in tailoring solutions to customer requirements and streamlining the implementation process.",https://dynamics.microsoft.com/en-us/ai/,"{""business intelligence"",""deep learning"",""solution advising""}",2025-04-27 16:11:26.992218,2025-04-27 16:11:26.992218
126,CrunchMetrics,Business Intelligence,Commercial,"CrunchMetrics uses advanced AI and machine learning technologies to analyze business data and provide insights into potential ROI from various strategies and investments. It helps businesses communicate these insights effectively to stakeholders, emphasizing the financial and strategic benefits of products or services.",https://www.crunchmetrics.ai,"{AI,""ROI Analysis"",""Machine Learning"",""Data Analytics""}",2025-04-27 16:11:26.993699,2025-04-27 16:11:26.993699
127,Proof BusinessGPS,Analytics,Commercial,"Proof BusinessGPS employs AI to forecast and measure the financial outcomes of different business strategies, including marketing and operational investments. It provides a clear visualization of ROI and strategic benefits, which can be crucial for presentations to high-value clients.",https://www.proofanalytics.ai,"{""ROI Forecasting"",""Financial Modeling"",""Strategic Planning"",AI}",2025-04-27 16:11:26.994079,2025-04-27 16:11:26.994079
128,ClearStory Data,Data Integration,Commercial,"ClearStory Data's platform leverages AI and machine learning to analyze and harmonize large amounts of data from disparate sources, providing insights that help businesses understand the ROI of their initiatives. This tool is particularly useful for communicating complex financial benefits to clients in a digestible format.",http://www.clearstorydata.com,"{""Data Analysis"",""Machine Learning"",""ROI Insights"",AI}",2025-04-27 16:11:26.994665,2025-04-27 16:11:26.994665
129,LinkedIn Sales Navigator,Sales Intelligence,Commercial,"LinkedIn Sales Navigator is an advanced sales tool that aids in the process of finding the right prospects to build trusted relationships. It leverages AI to provide recommendations based on combined user data and network interactions, which can be crucial for collaborative business development.",https://business.linkedin.com/sales-solutions/sales-navigator,"{sales,networking,AI,""business development"",""lead generation""}",2025-04-27 16:11:26.996445,2025-04-27 16:11:26.996445
163,Celonis,Process Mining,Commercial,"Celonis is a process mining tool that uses AI and machine learning to analyze business processes and identify inefficiencies. It provides insights and recommendations for process optimization, helping organizations to improve their operational efficiency.",https://www.celonis.com/,"{""process mining"",AI,""machine learning"",""process optimization""}",2025-04-27 16:11:27.009152,2025-04-27 16:11:27.009152
146,Einstein AI by Salesforce,CRM,Commercial,"Einstein AI integrates with Salesforce CRM to provide AI-driven insights, predictions, and recommendations. It helps in personalizing customer interactions based on their history and social data, enhancing relationship management.",https://www.salesforce.com/products/einstein/overview/,"{""AI CRM"",""customer engagement"",""predictive analytics"",""relationship management""}",2025-04-27 16:11:27.003037,2025-04-27 16:11:27.003037
149,Eventbrite,Event Management,Freemium,Eventbrite uses AI to provide insights and recommendations for event organizers to optimize event planning and execution. It analyzes historical data on event performance and attendee engagement to suggest the best types of events and networking opportunities that align with business goals.,https://www.eventbrite.com,"{""Event Planning"",AI,""Data Analysis"",Networking}",2025-04-27 16:11:27.004029,2025-04-27 16:11:27.004029
159,Guru,Knowledge Management,Freemium,"Guru is a knowledge management tool that uses AI to organize and deliver relevant product information to team members in real-time. It integrates with various communication platforms to ensure that all team members have access to the latest product updates and information, enhancing client interactions.",https://www.getguru.com,"{AI,""Knowledge Management"",Real-time,""Product Information""}",2025-04-27 16:11:27.007716,2025-04-27 16:11:27.007716
160,Bloomfire,Knowledge Management,Commercial,"Bloomfire is a platform that centralizes company knowledge, including detailed product information, and uses AI to make this data easily searchable and accessible. It helps ensure that all team members are on the same page regarding product features and updates, which is crucial for client interactions.",https://www.bloomfire.com,"{""Searchable Knowledge Base"",AI,""Product Knowledge"",""Client Interaction""}",2025-04-27 16:11:27.00813,2025-04-27 16:11:27.00813
148,Bizzabo,Event Management,Commercial,Bizzabo is an event management software that leverages AI to help businesses plan and optimize their events. It uses AI algorithms to analyze past event data and attendee behavior to recommend the most relevant events and meetings that could yield high ROI based on strategic importance.,https://www.bizzabo.com,"{AI,""Event Optimization"",Networking,ROI}",2025-04-27 16:11:27.003696,2025-04-27 16:11:27.067487
135,Seismic,Sales Enablement,Commercial,Seismic is a sales enablement platform that leverages AI to personalize sales materials and automate the preparation process. It ensures that sales teams are equipped with the right information and strategies throughout the sales cycle.,https://www.seismic.com,"{""Sales Content Management"",AI,Personalization,""Sales Automation""}",2025-04-27 16:11:26.998955,2025-04-27 16:11:27.221391
411,Talkdesk,AI Contact Center,Commercial,"Talkdesk offers an AI-powered contact center solution that excels in handling high volumes of phone calls. It features automated dialing, intelligent routing to connect prospects with the most appropriate agent, and AI-driven insights for lead qualification.",https://www.talkdesk.com,"{""automated dialing"",""AI routing"",""sales calls""}",2025-04-27 16:11:27.264749,2025-04-27 16:11:27.264749
137,Salesloft,Sales Engagement,Commercial,"Salesloft offers a powerful sales engagement platform equipped with AI capabilities to streamline the sales process. It features tools for email tracking, automated dialing, and personalized outreach, all designed to increase the efficiency and effectiveness of sales teams.",https://www.salesloft.com,"{""Sales Automation"",AI,""Email Tracking"",""Automated Dialing""}",2025-04-27 16:11:26.999813,2025-04-27 16:11:27.173882
112,Crunchbase Pro,Market Research,Commercial,"Crunchbase Pro uses advanced search capabilities and custom list building to help businesses identify key market players and emerging competitors. It provides insights into industry trends, funding history, and key company data to strategize market entry and customer acquisition.",https://www.crunchbase.com/products/crunchbase-pro,"{""market analysis"",""competitive insights"",""investment tracking"",""business intelligence""}",2025-04-27 16:11:26.988273,2025-04-27 16:11:27.249743
412,Dialpad AI Contact Center,AI Contact Center,Commercial,"Dialpad AI Contact Center leverages artificial intelligence to enhance high-volume phone communication tasks. It includes Voice Intelligence technology that transcribes calls, identifies customer sentiments, and assists in qualifying leads during live interactions.",https://www.dialpad.com,"{""voice intelligence"",""call transcription"",""sentiment analysis""}",2025-04-27 16:11:27.265016,2025-04-27 16:11:27.265016
164,Pega,Business Process Management,Commercial,"Pega is a business process management (BPM) tool that uses AI to automate and optimize business processes. It provides a platform for building applications that automate tasks, streamline operations, and improve decision making, thereby enhancing overall process efficiency.",https://www.pega.com/,"{BPM,AI,""process automation"",""decision automation""}",2025-04-27 16:11:27.009488,2025-04-27 16:11:27.009488
166,OpenAI GPT-4,AI Language Model,Commercial,"GPT-4 is an advanced language model developed by OpenAI that can generate human-like text based on the input it receives. It can adapt to new topics and scenarios, making it useful for brainstorming and generating innovative ideas in various domains. It can also be fine-tuned to specific organizational needs, supporting new process implementations by providing insights and automated content generation.",https://www.openai.com/gpt-4,"{AI,""language model"",innovation,adaptability,ideation}",2025-04-27 16:11:27.010186,2025-04-27 16:11:27.010186
168,Microsoft Azure Machine Learning,Machine Learning Platform,Commercial,"Azure Machine Learning is a cloud-based platform for building, training, and deploying machine learning models. It supports adaptability by allowing users to quickly scale and modify models based on new data and changing business requirements. The platform fosters innovation through its extensive toolset that supports various machine learning techniques and integration with other Azure services.",https://azure.microsoft.com/en-us/services/machine-learning/,"{""machine learning"",cloud,AI,adaptability,innovation}",2025-04-27 16:11:27.010878,2025-04-27 16:11:27.010878
169,Google Cloud AutoML,Automated Machine Learning,Commercial,"Google Cloud AutoML enables developers with limited machine learning expertise to train high-quality models specific to their business needs. It adapts to new data inputs and changes in business processes, facilitating the testing and implementation of innovative approaches. AutoML supports various data types and machine learning tasks, enhancing its adaptability and utility in diverse scenarios.",https://cloud.google.com/automl,"{""automated ML"",cloud,AI,adaptability,innovation}",2025-04-27 16:11:27.011188,2025-04-27 16:11:27.011188
172,Outreach Kaia,Sales Engagement,Commercial,"Outreach Kaia is an AI-powered knowledge assistant that captures and shares real-time insights during sales calls. It aids in consultative selling by analyzing conversations to identify customer needs and decision-making criteria, including budget and authority, helping sales reps tailor their discussions and offerings effectively.",https://www.outreach.io/product/kaia,"{AI,""Sales Calls"",""Real-time Insights"",""Consultative Selling"",BANT}",2025-04-27 16:11:27.012175,2025-04-27 16:11:27.012175
193,x.ai,Productivity,Freemium,"x.ai is an AI-powered tool that helps users schedule meetings effortlessly. It integrates with calendars to find the best times for meetings, coordinates with other parties, and automatically handles the booking process.",https://x.ai,"{""AI scheduling"",""meeting coordination"",""calendar integration""}",2025-04-27 16:11:27.019334,2025-04-27 16:11:27.019334
194,Clara,Productivity,Commercial,"Clara is a virtual employee that schedules your meetings, powered by machine learning. It communicates with meeting participants via email to find suitable times and manages the entire scheduling process.",https://claralabs.com,"{""virtual scheduling assistant"",""email coordination"",""AI assistant""}",2025-04-27 16:11:27.019659,2025-04-27 16:11:27.019659
195,Zoom.ai,Communication,Commercial,"Zoom.ai is an automated assistant that helps schedule meetings, with deep integration into multiple calendar platforms. It uses AI to suggest optimal meeting times and can automatically send invites to participants.",https://www.zoom.ai,"{""automated meeting scheduler"",AI-powered,""calendar integration""}",2025-04-27 16:11:27.01997,2025-04-27 16:11:27.01997
196,Cronofy,Productivity,Commercial,Cronofy's Scheduler is a powerful tool that connects to all major calendar services to help find the best times for meetings. It uses AI to analyze availability and preferences to optimize meeting scheduling.,https://www.cronofy.com,"{""calendar API"",""meeting optimization"",""schedule management""}",2025-04-27 16:11:27.020254,2025-04-27 16:11:27.020254
201,Freshsales Freddy AI,CRM and Sales Automation,Commercial,Freddy AI by Freshsales uses artificial intelligence to analyze past lead and sales data to score leads and predict their chances of conversion. It provides insights and recommendations for best next actions to take with each lead.,https://www.freshworks.com/freshsales-crm/,"{AI,CRM,""lead scoring"",""sales predictions""}",2025-04-27 16:11:27.022094,2025-04-27 16:11:27.022094
202,Einstein Analytics,Business Intelligence,Commercial,Einstein Analytics by Salesforce uses AI to enhance sales performance tracking by analyzing sales data and providing predictive insights and prescriptive recommendations. It helps sales teams understand performance trends and make data-driven decisions.,https://www.salesforce.com/products/einstein-analytics/overview/,"{AI,""Sales Performance"",Analytics,""Predictive Insights""}",2025-04-27 16:11:27.022395,2025-04-27 16:11:27.022395
203,Zoho Analytics,Business Intelligence,Freemium,"Zoho Analytics is a self-service BI and data analytics software that uses AI to analyze sales data. It provides features like predictive sales analytics, which help in forecasting future sales and understanding key performance indicators to enhance sales strategies.",https://www.zoho.com/analytics/,"{AI,""Data Analytics"",""Sales Forecasting"",""Performance Tracking""}",2025-04-27 16:11:27.022673,2025-04-27 16:11:27.171869
165,Blue Prism,Robotic Process Automation,Commercial,"Blue Prism is an RPA tool that enables businesses to automate complex and rule-based processes. It uses AI to manage and optimize workflows, helping organizations to achieve greater efficiency and accuracy in their operations.",https://www.blueprism.com/,"{RPA,AI,""workflow management"",""process optimization""}",2025-04-27 16:11:27.009847,2025-04-27 16:11:27.254125
200,Pipedrive LeadBooster,CRM and Sales Automation,Commercial,Pipedrive's LeadBooster is an AI-powered chatbot that pre-qualifies leads directly through website interactions. It asks predefined qualification questions and uses the responses to score and route leads accordingly within the Pipedrive CRM system.,https://www.pipedrive.com/en/features/leadbooster,"{chatbot,""lead management"",CRM,AI}",2025-04-27 16:11:27.021567,2025-04-27 16:11:27.269415
179,Lessonly by Seismic,Corporate Training,Commercial,"Lessonly is a training and coaching platform powered by AI that helps sales teams practice, learn, and improve their sales skills through scenario-based learning and real-time feedback.",https://www.lessonly.com,"{""training platform"",AI,""sales development"",""real-time feedback""}",2025-04-27 16:11:27.01462,2025-04-27 16:11:27.277503
204,Tableau CRM,CRM Analytics,Commercial,"Tableau CRM (formerly Einstein Analytics) integrates AI to provide advanced analytics and visualizations specifically for CRM data, including sales performance. It offers AI-driven insights and recommendations to optimize sales processes and improve performance metrics.",https://www.tableau.com/products/crm,"{AI,CRM,""Sales Analytics"",""Performance Insights""}",2025-04-27 16:11:27.022945,2025-04-27 16:11:27.022945
205,Pipedrive Insights,CRM,Commercial,Pipedrive Insights is a feature within the Pipedrive CRM that utilizes AI to track sales performance and generate detailed reports and dashboards. It helps sales teams visualize their sales pipeline and performance metrics to enhance decision-making.,https://www.pipedrive.com/en/features/insights,"{""Sales Tracking"",AI,CRM,""Data Visualization""}",2025-04-27 16:11:27.023261,2025-04-27 16:11:27.023261
208,Google Cloud AutoML Natural Language,Natural Language Processing,Commercial,"Google Cloud AutoML Natural Language uses machine learning to build models capable of analyzing and understanding product information from various data sources such as descriptions, reviews, and support documents. It helps in developing a deep understanding of product features and benefits, which can be used to tailor interactions and solutions for customer needs.",https://cloud.google.com/natural-language/automl/docs,"{NLP,""Machine Learning"",AutoML,""Product Knowledge""}",2025-04-27 16:11:27.02435,2025-04-27 16:11:27.02435
212,Wrike,Project Management,Freemium,"Wrike is a versatile project management tool that incorporates AI to help users manage projects from initiation to completion. Its AI features include predictive analytics, which forecasts project timelines and identifies potential bottlenecks, empowering users to proactively manage tasks and take initiative.",https://www.wrike.com,"{""predictive analytics"",""project management"",AI,""task automation""}",2025-04-27 16:11:27.025648,2025-04-27 16:11:27.025648
214,HubSpot Marketing Hub,Marketing Automation,Freemium,"HubSpot Marketing Hub uses AI and automation to help marketing teams attract the right visitors, convert more leads, and demonstrate ROI. Its integration with HubSpot CRM and Sales Hub allows for seamless collaboration between sales and marketing teams, ensuring alignment in strategies and communication, which is crucial for enhancing the sales pipeline and driving business growth.",https://www.hubspot.com/products/marketing,"{""marketing automation"",""sales alignment"",""lead management"",""ROI tracking"",CRM}",2025-04-27 16:11:27.02633,2025-04-27 16:11:27.02633
216,Microsoft Dynamics 365 for Sales,CRM Software,Commercial,"Microsoft Dynamics 365 for Sales leverages AI to enable smarter selling with contextual AI-driven insights. It facilitates collaboration between sales and marketing teams by integrating with Microsoft's suite of tools including Teams and LinkedIn, which helps in strategizing and executing marketing campaigns that directly impact the sales pipeline.",https://dynamics.microsoft.com/en-us/sales/overview/,"{CRM,""AI insights"",""Microsoft integration"",""strategic sales"",""marketing collaboration""}",2025-04-27 16:11:27.027003,2025-04-27 16:11:27.027003
192,Intercom,Customer Communication,Commercial,"Intercom provides a customer communication platform with a strong focus on automation and AI. It uses chatbots and personalized messaging services to educate and engage customers about company services, thereby supporting sales and customer service efforts.",https://www.intercom.com,"{""customer communication"",chatbots,""personalized messaging"",""customer engagement""}",2025-04-27 16:11:27.019019,2025-04-27 16:11:27.0279
219,Pendo,Product Management,Commercial,"Pendo is a product experience platform that uses data-driven insights to help companies educate users about technical products. It features in-app messaging and guides that can be tailored to the user's role and technical expertise, making it easier to communicate complex product functionalities.",https://www.pendo.io,"{""user onboarding"",""product experience"",""data analytics"",""technical education""}",2025-04-27 16:11:27.02821,2025-04-27 16:11:27.02821
220,WalkMe,Digital Adoption,Commercial,WalkMe's digital adoption platform uses AI to provide step-by-step guidance tailored to the user's needs and technical level. It helps businesses communicate the value and functionality of technical products through interactive on-screen walkthroughs.,https://www.walkme.com,"{""user guidance"",""interactive walkthroughs"",""product adoption"",""technical communication""}",2025-04-27 16:11:27.028506,2025-04-27 16:11:27.028506
226,EdApp,E-learning,Freemium,"EdApp is a mobile-first microlearning platform that incorporates AI to deliver personalized learning experiences tailored to individual sales representatives. It includes features such as spaced repetition and smart lessons that adapt based on the learner's performance, effectively helping sales teams master product knowledge.",https://www.edapp.com,"{""AI learning"",microlearning,""personalized training"",""sales training""}",2025-04-27 16:11:27.03049,2025-04-27 16:11:27.03049
227,Docebo,E-learning,Commercial,"Docebo is an AI-powered learning platform that offers a suite of tools designed to enhance the training process. It uses artificial intelligence to curate personalized content for learners, optimizing the learning paths according to the needs of sales representatives to become product experts.",https://www.docebo.com,"{""AI learning platform"",""content curation"",""adaptive learning"",""sales enablement""}",2025-04-27 16:11:27.030794,2025-04-27 16:11:27.030794
236,Google Cloud Dialogflow,Conversational AI,Freemium,"Dialogflow is a Google Cloud tool for building conversational interfaces for websites, mobile applications, and IoT devices. It can be integrated with a company's product database to train on specific product information, allowing it to conduct informed and accurate discussions about the product's features and benefits with potential clients.",https://cloud.google.com/dialogflow,"{NLP,chatbot,""Google Cloud"",AI}",2025-04-27 16:11:27.034073,2025-04-27 16:11:27.034073
241,Coursera for Business,E-learning,Commercial,"Coursera for Business offers a platform where employees can access courses specifically tailored to learning about various industries and products, as well as courses on leadership and career development. This tool helps organizations train their employees to gain a deeper understanding of their products and prepare for career advancements.",https://www.coursera.org/business,"{e-learning,""career development"",""product knowledge"",""online courses""}",2025-04-27 16:11:27.035665,2025-04-27 16:11:27.035665
242,LinkedIn Learning,E-learning,Commercial,"LinkedIn Learning provides a wide range of courses that cover product management, market applications, and career development skills. It's integrated within the LinkedIn platform, making it easy for professionals to learn in a context that is directly connected to their career profiles and networks.",https://www.linkedin.com/learning/,"{""professional development"",""product knowledge"",""career skills"",""online learning""}",2025-04-27 16:11:27.0361,2025-04-27 16:11:27.0361
243,Pluralsight Skills,E-learning,Commercial,Pluralsight Skills offers tech-centric content but also includes a variety of courses on product management and market strategies. It's particularly useful for those in tech roles looking to understand the broader market applications of their products and advance their careers within tech-focused companies.,https://www.pluralsight.com/,"{""technology education"",""product management"",""career advancement"",""skills development""}",2025-04-27 16:11:27.036438,2025-04-27 16:11:27.036438
244,Udemy for Business,E-learning,Commercial,Udemy for Business provides a platform with courses on a wide range of topics including product knowledge and career development. Companies can subscribe to allow their employees access to tailored learning paths that help them understand their products better and prepare for future roles.,https://business.udemy.com/,"{""corporate training"",""product education"",""career growth"",""online courses""}",2025-04-27 16:11:27.036772,2025-04-27 16:11:27.036772
249,Clerk.io,E-commerce Personalization,Commercial,"Clerk.io uses AI to dynamically present products based on customer behavior and preferences. It integrates with e-commerce platforms to personalize product recommendations and presentations, enhancing customer engagement and sales.",https://www.clerk.io,"{AI,E-commerce,Personalization,""Product Recommendation""}",2025-04-27 16:11:27.051665,2025-04-27 16:11:27.051665
250,Algolia Recommend,Search and Discovery,Commercial,Algolia Recommend is an AI-driven tool that provides personalized product recommendations. It uses machine learning algorithms to analyze user interactions and preferences to tailor product presentations on e-commerce sites.,https://www.algolia.com/products/recommend/,"{AI,""Search Engine"",Personalization,""Machine Learning""}",2025-04-27 16:11:27.05219,2025-04-27 16:11:27.05219
251,RichRelevance,Retail Personalization,Commercial,"RichRelevance offers advanced personalization technologies for retail, utilizing AI to tailor product presentations based on real-time user data and behavior. This enhances the shopping experience by presenting the most relevant products to each customer.",https://www.richrelevance.com,"{AI,Retail,""Customer Experience"",Personalization}",2025-04-27 16:11:27.055821,2025-04-27 16:11:27.055821
252,Dynamic Yield,Marketing Personalization,Commercial,"Dynamic Yield employs AI to optimize and personalize product presentations across web, mobile, and email. It analyzes user behavior and preferences to dynamically adjust content and product displays, improving engagement and conversion rates.",https://www.dynamicyield.com,"{AI,Marketing,Personalization,Analytics}",2025-04-27 16:11:27.05821,2025-04-27 16:11:27.05821
253,Eventbrite Boost,Event Management,Commercial,"Eventbrite Boost is an AI-powered marketing platform specifically designed for event promotion and management. It uses machine learning algorithms to optimize advertising across social platforms, predict attendee engagement, and provide insights on how to improve event reach and effectiveness.",https://www.eventbrite.com/l/boost/,"{""AI Marketing"",""Event Promotion"",""Attendee Engagement"",""Social Media Advertising""}",2025-04-27 16:11:27.065957,2025-04-27 16:11:27.065957
256,Splash,Event Management,Commercial,"Splash uses AI to help event organizers design, market, and efficiently manage events. Its AI features include automated marketing workflows and data-driven insights to maximize event exposure and attendee engagement.",https://www.splashthat.com,"{""Event Design"",""AI Marketing"",""Data Insights"",""Workflow Automation""}",2025-04-27 16:11:27.068127,2025-04-27 16:11:27.068127
257,OptimoRoute,Route Optimization,Commercial,"OptimoRoute uses advanced algorithms and machine learning to optimize routes and schedules for mobile workforces. It is particularly useful for sales representatives as it plans efficient routes and schedules, considering factors like traffic, delivery times, and customer preferences.",https://optimoroute.com,"{AI,""Route Optimization"",""Itinerary Planning"",""Sales Efficiency""}",2025-04-27 16:11:27.165045,2025-04-27 16:11:27.165045
258,Route4Me,Logistics,Freemium,Route4Me provides dynamic route optimization software designed to use AI to ensure the most efficient routes for its users. It supports all types of routing needs including those of sales professionals managing client visits across different locations. The tool also offers predictive data analytics for better decision-making.,https://www.route4me.com,"{Routing,AI,Logistics,""Sales Planning"",""Travel Optimization""}",2025-04-27 16:11:27.167013,2025-04-27 16:11:27.167013
259,Badger Maps,Sales Productivity,Commercial,"Badger Maps is a sales routing software that uses AI to analyze traffic data, optimize routes, and manage territories. It helps sales representatives plan their day by visualizing their customers on a map, creating efficient routes, and integrating with their calendar for seamless scheduling.",https://www.badgermapping.com,"{""Sales Routing"",AI,""Itinerary Optimization"",""Client Management""}",2025-04-27 16:11:27.167582,2025-04-27 16:11:27.167582
266,IBM Watson Commerce,AI in Commerce,Commercial,"IBM Watson Commerce uses AI to manage inventory levels and optimize pricing. It predicts demand using weather data, market trends, and consumer behavior insights, helping businesses adjust inventory and pricing dynamically.",https://www.ibm.com/products/watson-commerce,"{AI,""inventory management"",""dynamic pricing"",""demand forecasting""}",2025-04-27 16:11:27.170696,2025-04-27 16:11:27.170696
284,LinkSquares,Legal Tech,Commercial,"LinkSquares is an AI-powered contract analytics tool that helps companies analyze contract data to identify opportunities for new partnerships and business growth. It uses natural language processing to extract and interpret key contract terms and conditions, facilitating strategic decision-making.",https://linksquares.com/,"{AI,""Contract Analysis"",NLP,""Business Growth""}",2025-04-27 16:11:27.178277,2025-04-27 16:11:27.178277
248,Brainshark,Sales Training,Commercial,"Brainshark offers solutions for sales enablement and readiness, incorporating AI to create dynamic sales training and coaching modules. It supports the acquisition of deep product knowledge and advanced sales skills through engaging multimedia content, analytics, and AI-driven adaptive learning paths.",https://www.brainshark.com,"{""sales coaching"",""multimedia training"",""adaptive learning"",AI}",2025-04-27 16:11:27.049128,2025-04-27 16:11:27.221973
150,Whova,Event Management,Commercial,"Whova offers an AI-powered event management platform that assists organizers in selecting and optimizing events based on detailed analytics of past events, attendee preferences, and potential business impacts. Its AI engine recommends networking events that are most likely to improve engagement and ROI.",https://www.whova.com,"{AI,""Event Analytics"",""Networking Optimization"",""Strategic Planning""}",2025-04-27 16:11:27.004367,2025-04-27 16:11:27.282998
293,Workday Peakon Employee Voice,Employee Engagement,Commercial,"Workday Peakon Employee Voice uses real-time analytics and AI to measure employee engagement and provides insights to enhance workplace culture, including sales environments. It offers personalized insights and recommendations to boost morale and recognize achievements, which can be particularly beneficial in maintaining a positive sales culture.",https://www.workday.com/en-us/products/employee-engagement-software/overview.html,"{AI,""Employee Engagement"",""Morale Boosting"",""Sales Culture""}",2025-04-27 16:11:27.194458,2025-04-27 16:11:27.194458
294,Briq,Performance Management,Commercial,"Briq is a corporate performance management platform that uses AI to automate and enhance recognition programs within sales teams. It helps in setting up personalized rewards and recognition systems that are tailored to the sales culture of an organization, thereby boosting morale and enhancing overall sales performance.",https://www.briq.com/,"{AI,""Performance Management"",""Sales Culture"",Recognition}",2025-04-27 16:11:27.194969,2025-04-27 16:11:27.194969
295,Salesforce Einstein Analytics,Business Intelligence,Commercial,"Salesforce Einstein Analytics is an AI-powered analytics tool that provides actionable insights into team performance and customer interactions. It can be used to track and recognize sales achievements, analyze trends in sales team morale, and offer personalized coaching insights, thereby fostering a positive sales culture.",https://www.salesforce.com/products/einstein-analytics/overview/,"{AI,Analytics,""Sales Culture"",""Motivational Insights""}",2025-04-27 16:11:27.195574,2025-04-27 16:11:27.195574
229,Allego,Sales Training,Commercial,"Allego offers a modern sales learning and readiness platform that uses AI to optimize learning retention through personalized content delivery and reinforcement training. The platform is particularly effective for complex product training, helping sales representatives to quickly adapt to market changes and product updates.",https://www.allego.com,"{""sales learning"",AI-driven,""personalized learning"",""product expertise""}",2025-04-27 16:11:27.03169,2025-04-27 16:11:27.196563
304,Plum,Human Resources,Commercial,"Plum uses AI to predict how well potential and existing employees will succeed in their roles and fit within a team. By assessing talents through psychometric tests and matching them to job needs, Plum helps in building teams that are aligned with organizational goals and culture.",https://www.plum.io,"{""psychometric testing"",""team development"",""employee assessment""}",2025-04-27 16:11:27.225213,2025-04-27 16:11:27.225213
303,HireVue,Recruitment,Commercial,"HireVue leverages AI to enhance the hiring process by providing video interviewing and pre-employment assessment solutions. It uses machine learning algorithms to analyze verbal and non-verbal communication in interviews, helping organizations identify the best candidates who fit their team culture and performance standards.",https://www.hirevue.com,"{""AI recruitment"",""video interviewing"",""team building"",""machine learning""}",2025-04-27 16:11:27.224767,2025-04-27 16:11:27.226456
305,Pymetrics,Recruitment,Commercial,Pymetrics applies AI in the form of neuroscience-based games and bias-free algorithms to match candidatesâ€™ emotional and cognitive abilities with company profiles. This tool is used for both recruiting new team members and managing workforce development.,https://www.pymetrics.ai,"{neuroscience,""workforce development"",""AI hiring"",""team building""}",2025-04-27 16:11:27.225609,2025-04-27 16:11:27.226875
309,Eightfold,Talent Management,Commercial,"Eightfold's Talent Intelligence Platform uses AI to transform recruiting, talent management, and workforce planning. It provides insights and recommendations to manage and develop talent effectively.",https://www.eightfold.ai,"{""Talent Intelligence"",""AI Recruitment"",""Workforce Planning"",""Talent Development""}",2025-04-27 16:11:27.227367,2025-04-27 16:11:27.227367
310,Entelo,Recruitment,Commercial,Entelo applies AI to streamline the recruitment process by automating candidate search and outreach. It uses predictive analytics to identify the best candidates and improve diversity hiring.,https://www.entelo.com,"{""Predictive Analytics"",""Talent Acquisition"",""Diversity Hiring"",""Candidate Search""}",2025-04-27 16:11:27.227739,2025-04-27 16:11:27.227739
311,Beamery,Talent Acquisition,Commercial,Beamery combines elements of CRM and ATS with AI to provide a complete talent acquisition solution. It helps in nurturing candidate relationships and improving the quality of hires.,https://www.beamery.com,"{CRM,ATS,""Candidate Relationship"",""AI Recruitment""}",2025-04-27 16:11:27.228226,2025-04-27 16:11:27.228226
306,Culture Amp,Employee Engagement,Commercial,"Culture Amp uses AI and analytics to help companies manage and develop their teams. It provides insights into employee engagement and performance, facilitating better decision-making in team development and retention strategies.",https://www.cultureamp.com,"{""employee engagement"",""performance management"",""AI analytics""}",2025-04-27 16:11:27.226038,2025-04-27 16:11:27.228662
313,Humu,Human Resources,Commercial,"Humu leverages behavioral science and AI to nudge employees towards better work habits. It analyzes organizational data to deliver personalized nudges to employees, helping to align their behaviors with the company's cultural values and goals.",https://www.humu.com,"{""Behavioral Science"",AI,Nudges,""Organizational Culture""}",2025-04-27 16:11:27.229134,2025-04-27 16:11:27.229134
314,Leapsome,Performance Management,Commercial,"Leapsome combines tools for performance management, employee engagement, and learning that are powered by AI. It provides frameworks for feedback, goals, and development plans that align with an organization's culture, helping to reinforce and evolve it over time.",https://www.leapsome.com,"{AI,""Employee Engagement"",""Performance Management"",""Culture Development""}",2025-04-27 16:11:27.229527,2025-04-27 16:11:27.229527
315,Glint,Employee Engagement,Commercial,"Glint uses AI to analyze employee survey data to provide insights into organizational health and employee well-being. It helps leaders identify areas of cultural strength and opportunities for development, supporting strategic culture change initiatives.",https://www.glintinc.com,"{AI,Surveys,""Employee Well-being"",""Organizational Culture""}",2025-04-27 16:11:27.2301,2025-04-27 16:11:27.2301
316,WorkBoard,Business Management,Commercial,"WorkBoard is an AI-powered enterprise platform that helps organizations with strategic planning, alignment, and execution. It enables leaders to define strategic priorities, align teams with these objectives, and use real-time data to adapt strategies as market conditions change.",https://www.workboard.com,"{""strategic planning"",execution,alignment,""real-time data"",enterprise}",2025-04-27 16:11:27.230674,2025-04-27 16:11:27.230674
319,ClearPoint Strategy,Strategy Management,Commercial,"ClearPoint Strategy is a strategy management software that integrates management reporting, strategic planning, and execution into one platform. It provides tools for setting and tracking objectives, measuring performance, and adjusting strategies based on analytical insights.",https://www.clearpointstrategy.com,"{""strategy management"",reporting,""performance measurement"",analytics}",2025-04-27 16:11:27.231914,2025-04-27 16:11:27.231914
324,Replika,AI Chatbot,Freemium,"Replika is an AI companion designed to communicate with users in a conversational manner, adapting its responses to improve emotional connection and trust. It uses machine learning to understand and mimic human emotions, making it suitable for building rapport with users.",https://replika.ai,"{""AI companion"",""emotional intelligence"",chatbot,""trust building"",rapport}",2025-04-27 16:11:27.234418,2025-04-27 16:11:27.234418
325,Cognito,AI Communication Coach,Commercial,"Cognito is designed for customer support and sales teams to enhance their communication skills. It uses AI to analyze voice during calls and provides real-time feedback and guidance on how to better engage and build trust with clients, thereby improving rapport.",https://www.cognitohq.com,"{""real-time feedback"",""voice analysis"",""customer support"",""sales enhancement"",""trust development""}",2025-04-27 16:11:27.235002,2025-04-27 16:11:27.235002
326,Crystal,AI Personality Insights,Commercial,"Crystal uses AI to analyze public data and personality assessments to provide insights into the best ways to communicate with specific individuals. It helps users tailor their interactions based on personality types, significantly enhancing the ability to build rapport and trust.",https://www.crystalknows.com,"{""personality analysis"",""communication strategies"",""personalized interaction"",""rapport building"",""trust development""}",2025-04-27 16:11:27.235355,2025-04-27 16:11:27.235355
327,Vidyard,Video Marketing,Freemium,"Vidyard is a video platform that allows businesses to create personalized video demonstrations using AI. It can tailor content based on viewer data and engagement, making it suitable for AI-enhanced product demonstrations.",https://www.vidyard.com/,"{""AI Video"",Personalization,Marketing,Sales}",2025-04-27 16:11:27.235725,2025-04-27 16:11:27.235725
328,Smartly.io,Advertising,Commercial,"Smartly.io leverages AI to automate and optimize personalized advertising content. It can be used to create dynamic product demonstrations that adapt to the user's behavior and preferences, enhancing the relevance of the demonstration.",https://www.smartly.io/,"{""AI Advertising"",Personalization,""Dynamic Content"",""Marketing Automation""}",2025-04-27 16:11:27.236099,2025-04-27 16:11:27.236099
329,Ceros,Content Creation,Commercial,"Ceros is an interactive content creation platform that integrates AI to design engaging and personalized digital experiences. It can be used to create interactive product demonstrations that respond to user interactions, providing a tailored demonstration experience.",https://www.ceros.com/,"{""Interactive Content"",""AI Design"",""Digital Experience"",""Product Demonstration""}",2025-04-27 16:11:27.236496,2025-04-27 16:11:27.236496
336,Qualtrics XM,Experience Management,Commercial,"Qualtrics XM is an experience management platform that uses AI to analyze feedback from various sources across an organization. It integrates data from marketing, sales, and product teams to provide insights and actionable recommendations for improving messaging and product offerings.",https://www.qualtrics.com,"{""feedback analysis"",cross-functional,AI-driven,""real-time insights""}",2025-04-27 16:11:27.239018,2025-04-27 16:11:27.239018
339,Calendly,Scheduling,Freemium,"Calendly helps automate the process of scheduling appointments by allowing users to set their availability preferences. It integrates seamlessly with Google, Outlook, Office 365, and iCloud calendars to avoid double-booking and provides automated email and SMS reminders to both parties involved.",https://calendly.com,"{""appointment scheduling"",""calendar integration"",""automated reminders"",""time management""}",2025-04-27 16:11:27.24024,2025-04-27 16:11:27.27979
340,Acuity Scheduling,Scheduling,Commercial,"Acuity Scheduling is a cloud-based appointment scheduling software solution that enables business owners to manage their appointments online. It integrates with various online calendars, supports customized booking forms, and sends automatic confirmations and reminders to clients.",https://acuityscheduling.com,"{""online booking"",""client management"",customization,""email reminders""}",2025-04-27 16:11:27.240627,2025-04-27 16:11:27.280069
341,Doodle,Scheduling,Freemium,Doodle simplifies the process of scheduling by allowing users to propose multiple time slots and letting invitees vote on their preferences. It integrates with existing calendar tools to show real-time availability and sends automatic notifications to ensure all participants are informed.,https://doodle.com,"{""meeting coordination"",polling,""calendar sync"",""group scheduling""}",2025-04-27 16:11:27.240989,2025-04-27 16:11:27.280345
330,Grip,Event Networking,Commercial,"Grip is an AI-powered event networking tool that uses advanced algorithms to match event participants based on their profiles, interests, and business objectives. It suggests potential connections and conversation starters, enhancing networking opportunities at various events.",https://grip.events,"{""AI Networking"",""Event Management"",""Professional Networking"",""AI Matchmaking""}",2025-04-27 16:11:27.236849,2025-04-27 16:11:27.282125
331,Brella,Event Networking,Commercial,"Brella is a networking solution that leverages AI to facilitate connections among event attendees. It analyzes user profiles and preferences to recommend the most relevant people to meet, providing tailored conversation starters to break the ice based on shared interests.",https://www.brella.io,"{Networking,""AI Recommendations"",""Event Planning"",""Professional Networking""}",2025-04-27 16:11:27.237182,2025-04-27 16:11:27.282411
332,Swapcard,Event Networking,Commercial,Swapcard utilizes artificial intelligence to enhance networking by analyzing attendee data to predict and recommend the best matches for networking at conferences and trade shows. It also provides conversation starters and tracks the networking success rate to continuously improve its suggestions.,https://www.swapcard.com,"{""AI Networking"",""Event Tech"",Matchmaking,""Business Networking""}",2025-04-27 16:11:27.23762,2025-04-27 16:11:27.282705
342,10to8,Scheduling,Freemium,"10to8 is an appointment scheduling software that provides tools for sending automated SMS and email reminders, handling cancellations and reschedules, and syncing with multiple calendars to prevent double bookings. It also features online booking capabilities and reporting tools for businesses.",https://10to8.com,"{""SMS reminders"",""online booking"",reporting,""client management"",etc.}",2025-04-27 16:11:27.241554,2025-05-07 18:13:50.042
343,Beautiful.AI,Presentation Software,Freemium,"Beautiful.AI is an AI-powered presentation tool that helps users create visually appealing presentations. It uses AI to automatically adjust the layout, design, and flow of slides based on the content entered by the user. This tool simplifies the process of creating professional presentations with minimal design experience.",https://www.beautiful.ai/,"{""AI Presentation"",""Automatic Design"",""Slide Management""}",2025-04-27 16:11:27.241919,2025-04-27 16:11:27.241919
344,Visme,Data Visualization,Freemium,Visme is a tool that integrates AI to offer features like automatic data visualization and content suggestions based on the user's presentation goals. It helps in creating engaging and data-driven presentations that can dynamically adjust content to better suit the audience's interests and responses.,https://www.visme.co/,"{AI-Driven,""Dynamic Content"",""Interactive Presentations""}",2025-04-27 16:11:27.242362,2025-04-27 16:11:27.242362
345,Slidebean,Presentation Software,Freemium,Slidebean uses artificial intelligence to design slides automatically based on the content provided. It features a focus on high-quality design templates and a content adjustment algorithm that optimizes the presentation based on the audience's engagement and feedback.,https://slidebean.com/,"{""AI Design"",""Content Optimization"",""Audience Engagement""}",2025-04-27 16:11:27.242794,2025-04-27 16:11:27.242794
346,Zoho Show,Collaborative Software,Freemium,"Zoho Show incorporates AI features that assist in crafting presentations with smart elements like real-time co-authoring, automated design suggestions, and audience interaction tools. It enhances the way presentations are created and delivered, making them more interactive and responsive to audience feedback.",https://www.zoho.com/show/,"{Collaboration,""AI Suggestions"",Interactive}",2025-04-27 16:11:27.24317,2025-04-27 16:11:27.24317
351,InsideSales.com,Sales Automation,Commercial,"InsideSales.com offers a sales acceleration platform that uses AI to enhance inside sales management. It features predictive analytics for lead scoring and prioritization, automated dialing, and real-time sales analytics to optimize call scheduling and performance.",https://www.insidesales.com,"{AI,""sales acceleration"",""lead scoring"",""real-time analytics"",""inside sales""}",2025-04-27 16:11:27.24489,2025-04-27 16:11:27.24489
358,Mursion,Virtual Reality Training,Commercial,"Mursion offers a virtual reality environment for professional training, including executive engagement and leadership skills. It uses AI to simulate real-world interactions with avatars that behave like human executives, providing a realistic training environment for users to practice and develop their executive engagement skills.",https://www.mursion.com,"{VR,""leadership training"",""executive training"",""AI simulation""}",2025-04-27 16:11:27.24723,2025-04-27 16:11:27.24723
359,Second Nature,AI Sales Training,Commercial,"Second Nature uses AI to create a dynamic, interactive training environment where sales professionals can practice their pitches and engage with AI-powered avatars that simulate conversations with executives. This tool helps users refine their approach to corporate selling strategies and executive interaction.",https://www.secondnature.ai,"{""sales training"",""AI coaching"",""executive engagement"",""interactive learning""}",2025-04-27 16:11:27.247604,2025-04-27 16:11:27.247604
360,Matterhorn,Online Learning Platform,Commercial,"Matterhorn provides scenario-based training modules tailored for executive engagement, utilizing AI to adapt scenarios and feedback based on the user's performance. This platform is designed to enhance users' skills in navigating complex corporate strategies and engaging effectively with senior leadership.",https://www.matterhorn.io,"{e-learning,""executive training"",""scenario-based training"",""AI feedback""}",2025-04-27 16:11:27.247914,2025-04-27 16:11:27.247914
364,PitchBook,Financial Analysis,Commercial,"PitchBook provides comprehensive data on the global M&A, private equity, and venture capital markets, including detailed coverage of the cybersecurity sector. It helps in analyzing market trends, identifying key players, and understanding investment patterns.",https://www.pitchbook.com,"{""financial data"",""cybersecurity investments"",""market analysis"",""venture capital""}",2025-04-27 16:11:27.249407,2025-04-27 16:11:27.249407
367,Marketo,Marketing Automation,Commercial,"Marketo, an Adobe company, uses AI and machine learning to automate and optimize marketing tasks and workflows. It helps in developing go-to-market strategies by providing tools for customer segmentation, campaign management, and performance analytics to ensure effective market penetration.",https://www.marketo.com/,"{""marketing automation"",""customer segmentation"",""campaign management""}",2025-04-27 16:11:27.250402,2025-04-27 16:11:27.250402
376,SimilarWeb,Web Analytics,Commercial,"SimilarWeb provides analytics on web traffic and market engagement. This tool helps companies understand where their competitors are gaining traction and which markets are most lucrative. It offers insights into customer behavior and industry trends, aiding in strategic planning and product positioning.",https://www.similarweb.com,"{""traffic analytics"",""market research"",""behavior analysis""}",2025-04-27 16:11:27.253458,2025-04-27 16:11:27.253458
347,Prezi,Presentation Software,Freemium,Prezi uses AI to help users create more dynamic and engaging presentations through its smart structures that adapt based on the presenter's storyline and audience interaction. Prezi's focus is on creating non-linear presentations that maintain audience engagement through zoomable user interfaces.,https://prezi.com/,"{""Dynamic Presentations"",""Audience Response"",""Zoomable UI""}",2025-04-27 16:11:27.243516,2025-04-27 16:11:27.27217
410,Five9 Intelligent Cloud Contact Center,AI Contact Center,Commercial,"Five9 Intelligent Cloud Contact Center uses AI to manage high-volume phone communications effectively. It automates the dialing process, connects with prospects, and uses AI to qualify leads based on interaction analytics and predefined criteria.",https://www.five9.com,"{""AI dialing"",""lead qualification"",""cloud contact center""}",2025-04-27 16:11:27.264064,2025-04-27 16:11:27.264064
296,Mindtickle,Sales Enablement,Commercial,"Mindtickle offers a comprehensive sales readiness platform that uses AI to provide sales training modules tailored to the needs of individual sales reps. The platform includes features for role-play, scenario-based training, and real-time feedback to enhance account penetration strategies.",https://www.mindtickle.com,"{""sales training"",AI,""account penetration"",""sales readiness""}",2025-04-27 16:11:27.195933,2025-04-27 16:11:27.277196
414,Exceed.ai,Sales Automation,Commercial,"Exceed.ai is an AI-powered sales assistant that automates lead qualification and follow-up. It engages with leads via email and chat, assesses their interest and suitability, and schedules product demonstrations or sales calls directly on the sales team's calendar.",https://www.exceed.ai,"{""AI Sales Assistant"",""Lead Qualification"",""Demo Scheduling"",""Email Automation"",Chatbot}",2025-04-27 16:11:27.265537,2025-04-27 16:11:27.265537
415,Conversica,Customer Relationship Management,Commercial,"Conversica provides an AI-driven automated sales assistant that reaches out to leads with natural language emails or messages. It engages in conversations to determine lead interest and readiness, and can autonomously set up demos or meetings with sales representatives.",https://www.conversica.com,"{""AI Assistant"",""Lead Engagement"",""Automated Conversations"",""Sales Enablement""}",2025-04-27 16:11:27.265784,2025-04-27 16:11:27.265784
413,Aircall,AI Contact Center,Commercial,"Aircall is a cloud-based phone system and call center software that integrates AI to manage high call volumes efficiently. It provides features like power dialer, call queuing, and real-time analytics to streamline sales calls and lead management.",https://www.aircall.io,"{""power dialer"",""call analytics"",""cloud-based telephony""}",2025-04-27 16:11:27.265275,2025-04-27 16:11:27.266293
418,Dialpad Sell,Sales Automation,Commercial,"Dialpad Sell offers AI-powered sales dialer solutions that automate the cold calling process. It features Voice Intelligence technology that provides real-time coaching and feedback during calls, helping sales teams to improve their pitch and close rates.",https://www.dialpad.com/sell/,"{AI,""sales automation"",""voice intelligence"",""real-time coaching""}",2025-04-27 16:11:27.266549,2025-04-27 16:11:27.266549
357,ExecVision,Sales Performance Management,Commercial,"ExecVision analyzes sales calls to derive insights and actionable feedback. It provides a structured environment for sales professionals to learn from their own calls and from others, effectively simulating a mentorship experience with seasoned sales experts.",https://www.execvision.io,"{""Sales Call Analysis"",""Skill Development"",""AI Insights""}",2025-04-27 16:11:27.246911,2025-04-27 16:11:27.267611
335,Troops,Sales Enablement,Commercial,"Troops is a revenue communications platform that uses AI to help sales teams collaborate more effectively. It integrates with CRM systems and messaging platforms to provide automated alerts, data-driven insights, and workflow tools that enhance coordination and decision-making in sales strategies.",https://www.troops.ai/,"{AI,""Sales Collaboration"",""CRM Integration"",Messaging,""Workflow Automation""}",2025-04-27 16:11:27.238678,2025-04-27 16:11:27.271028
436,Beautiful.ai,Presentation Software,Freemium,"Beautiful.ai is an AI-powered presentation tool that assists in designing visually appealing sales presentations. While it primarily focuses on design, it can integrate with other AI tools to adapt content dynamically and provide data-driven insights during presentations.",https://www.beautiful.ai,"{""Presentation Design"",""AI Design Assistance"",""Sales Presentations"",""Interactive Presentations""}",2025-04-27 16:11:27.271885,2025-04-27 16:11:27.271885
441,Crunchbase,Market Intelligence,Freemium,"Crunchbase provides comprehensive data on startups, venture capital firms, and other business entities. It uses AI to analyze market trends, investment patterns, and industry movements, helping businesses stay informed about the latest developments in their respective fields.",https://www.crunchbase.com,"{""industry trends"",""investment tracking"",""startup insights""}",2025-04-27 16:11:27.273413,2025-04-27 16:11:27.273413
444,Trend Hunter AI,Trend Analysis,Commercial,Trend Hunter AI utilizes advanced algorithms to identify and analyze emerging trends across various industries. This tool helps businesses anticipate market shifts and innovate new products or services.,https://www.trendhunter.com,"{""trend spotting"",innovation,""market foresight""}",2025-04-27 16:11:27.274291,2025-04-27 16:11:27.274291
448,InsightSquared,Business Intelligence,Commercial,"InsightSquared offers AI-driven sales analytics and performance management solutions that analyze various sales metrics, including pipeline growth and quota attainment. It provides detailed forecasts and insights, helping sales leaders make informed decisions.",https://www.insightsquared.com/,"{""sales analytics"",""business intelligence"",""performance tracking""}",2025-04-27 16:11:27.275349,2025-04-27 16:11:27.275349
451,People.ai,Sales Performance Management,Commercial,People.ai utilizes AI to optimize sales operations by analyzing the effectiveness of face-to-face customer interactions. It automates the capture of sales activity to provide real-time insights into performance and helps in scheduling and training of sales personnel.,https://www.people.ai,"{AI,""sales optimization"",""activity tracking"",training}",2025-04-27 16:11:27.276341,2025-04-27 16:11:27.276341
456,Five9 Predictive Dialer,Call Center Automation,Commercial,Five9 Predictive Dialer uses AI to increase the efficiency of call centers by predicting the best times to call customers and automating the dialing process. It helps in managing high volumes of calls by minimizing idle time and ensuring agents are connected as soon as a call is answered.,https://www.five9.com/products/predictive-dialer,"{""predictive dialer"",""call automation"",""AI dialing"",""high-volume calling""}",2025-04-27 16:11:27.277778,2025-04-27 16:11:27.277778
457,NICE CXone,Customer Experience Management,Commercial,"NICE CXone is a cloud customer experience platform that includes an Automated Dialer which uses advanced algorithms to manage high volumes of calls efficiently. It optimizes call schedules and automates the dialing process, improving operational efficiency and agent productivity.",https://www.nice.com/websites/cxone/,"{""automated dialer"",""customer experience"",""call management"",AI}",2025-04-27 16:11:27.278087,2025-04-27 16:11:27.278087
458,Aspect Via,Call Center Solutions,Commercial,"Aspect Via offers a comprehensive call management solution that includes a high-volume automated dialing system. It leverages AI to optimize call schedules and automate the dialing processes, which helps in managing large scale outbound call activities efficiently.",https://www.aspect.com/solutions/call-center-solutions/aspect-via-platform,"{""automated dialing"",""call center"",""high-volume management"",AI}",2025-04-27 16:11:27.278381,2025-04-27 16:11:27.278381
459,Ambition,Sales Performance Management,Commercial,"Ambition is a sales management platform that syncs with CRM systems to provide real-time performance tracking, gamification, and coaching insights. It enhances sales team accountability and motivation by turning productivity data into engaging, competitive leaderboards and scorecards.",https://ambition.com,"{""sales gamification"",""performance tracking"",""real-time feedback"",""CRM integration""}",2025-04-27 16:11:27.27868,2025-04-27 16:11:27.27868
460,Hoopla,Employee Engagement,Commercial,"Hoopla is a team performance software that leverages gamification techniques to drive engagement and enhance performance among sales teams. It offers features like leaderboards, contests, and real-time recognition, all designed to boost team spirit and accountability.",https://www.hoopla.net,"{gamification,""sales performance"",""team motivation"",""real-time updates""}",2025-04-27 16:11:27.278962,2025-04-27 16:11:27.278962
461,Spinify,Gamification,Commercial,Spinify is a leader in leaderboard software for boosting team performance. It uses gamification to increase sales team engagement and accountability by displaying real-time performance metrics and personalized motivators.,https://www.spinify.com,"{leaderboards,""sales gamification"",""performance management"",""real-time feedback""}",2025-04-27 16:11:27.27924,2025-04-27 16:11:27.27924
462,LevelEleven,Sales Performance Management,Commercial,"LevelEleven is a performance management tool that focuses on real-time feedback and gamification to enhance sales team performance. It integrates with Salesforce to provide personalized scorecards, contests, and performance metrics that drive accountability and results.",https://leveleleven.com,"{""salesforce integration"",""performance metrics"",gamification,""real-time feedback""}",2025-04-27 16:11:27.279515,2025-04-27 16:11:27.279515
466,Chili Piper,Sales Automation,Commercial,Chili Piper specializes in scheduling automation for high-priority sales meetings. It integrates directly with CRM systems to pull in prospect priority data and uses intelligent algorithms to schedule meetings at optimal times for both sales teams and prospects.,https://www.chilipiper.com,"{""sales automation"",""CRM integration"",""meeting scheduling"",""lead management""}",2025-04-27 16:11:27.280626,2025-04-27 16:11:27.280626
467,Crimson Hexagon,Market Intelligence,Commercial,"Crimson Hexagon is an AI-powered consumer insights platform that uses advanced algorithms to analyze market trends and consumer sentiment from various data sources, including social media. It helps sales teams understand market dynamics and emerging trends to make informed decisions.",https://www.crimsonhexagon.com,"{""market trend analysis"",""consumer insights"",AI,""data analysis""}",2025-04-27 16:11:27.280898,2025-04-27 16:11:27.280898
468,Talkwalker,Social Media Monitoring,Commercial,"Talkwalker uses AI and machine learning to analyze online, social, and print media data to identify market trends and brand health. It provides real-time analytics that helps sales teams to track market movements and consumer opinions.",https://www.talkwalker.com,"{""social media analysis"",""market trends"",""brand monitoring"",AI}",2025-04-27 16:11:27.2812,2025-04-27 16:11:27.2812
469,Brandwatch,Consumer Research,Commercial,"Brandwatch is a digital consumer intelligence platform that uses AI to analyze data across the web, social media, and proprietary data sources. It helps in identifying market trends, consumer sentiment, and competitive analysis, providing comprehensive insights to sales and marketing teams.",https://www.brandwatch.com,"{""market analysis"",""consumer behavior"",AI,""trend analysis""}",2025-04-27 16:11:27.281586,2025-04-27 16:11:27.281586
470,Sprout Social,Social Media Analytics,Commercial,"Sprout Social offers social media management and analytics tools that leverage AI to provide detailed reports on social media trends, engagement, and audience growth. This assists sales teams in understanding market trends and developing strategies based on real-time data.",https://www.sproutsocial.com,"{""social media"",analytics,AI,""market trends""}",2025-04-27 16:11:27.281843,2025-04-27 16:11:27.281843
