id,name,category,description,implementation_effort,business_value,ease_score,value_score,primary_category,license_type,website_url,tags,created_at,updated_at,feasibility_score,impact_score,priority,rank,implementation_factors,quick_implementation,has_dependencies,recommended_tools,applicable_roles,role_impact,assessment_id,default_implementation_effort,default_business_value,default_ease_score,default_value_score,default_feasibility_score,default_impact_score
1,AI-Powered Prospect Research & Targeting,Core Function,"Utilizes AI to analyze CRM data and external signals to identify Ideal Customer Profiles (ICPs) and high-value prospects, automating research and dynamically adjusting targeting criteria.",Medium,Medium,3,3,,,,,2025-04-27 15:52:15.283966,2025-04-27 15:52:15.283966,,,Medium,,,f,f,,,,,,,,,,
2,AI Communication & Follow-up,Core Function,"Automates timely and contextual follow-up messages, answers common prospect questions, addresses basic concerns, and handles auto-replies or initial referral intake.",Medium,Medium,3,3,,,,,2025-04-27 15:52:15.283966,2025-04-27 15:52:15.283966,,,Medium,,,f,f,,,,,,,,,,
3,AI-Driven Multi-Channel Outreach,Core Function,"Executes automated outreach sequences across multiple channels (email, LinkedIn, text) using predefined Sales Playbooks and incorporating industry context.",Medium,Medium,3,3,,,,,2025-04-27 15:52:15.283966,2025-04-27 15:52:15.283966,,,Medium,,,f,f,,,,,,,,,,
4,AI Message Personalization,Core Function,Generates highly personalized communication tailored to specific target personas based on available data and defined templates.,Medium,Medium,3,3,,,,,2025-04-27 15:52:15.283966,2025-04-27 15:52:15.283966,,,Medium,,,f,f,,,,,,,,,,
5,Brand Voice & Tone Alignment,Core Function,"Ensures all AI-generated communication aligns strictly with the defined brand voice, tone guidelines, and desired level of human touch.",Medium,Medium,3,3,,,,,2025-04-27 15:52:15.283966,2025-04-27 15:52:15.283966,,,Medium,,,f,f,,,,,,,,,,
6,Sales & Marketing Analytics,Core Function,"Analyzes campaign performance data to provide insights into the most effective strategies, customer segments, and outreach results.",Medium,Medium,3,3,,,,,2025-04-27 15:52:15.283966,2025-04-27 15:52:15.283966,,,Medium,,,f,f,,,,,,,,,,
7,CRM Integration & Workflow Automation,Core Function,"Provides native two-way integration with CRMs (e.g., Salesforce, Hubspot) to enroll leads into campaigns based on sales journey stage and intent signals, enabling automated nurturing and follow-up task creation for sales teams.",Medium,Medium,3,3,,,,,2025-04-27 15:52:15.283966,2025-04-27 15:52:15.283966,,,Medium,,,f,f,,,,,,,,,,
8,Quota Achievement Management,Suggested,"Monitors and manages the achievement of sales quotas, providing insights and strategies to ensure targets are met consistently.",Medium,Medium,3,3,,,,,2025-04-27 15:56:14.16998,2025-04-27 15:56:14.16998,,,Medium,,,f,f,,,,,,,,,,
9,Value Proposition Communication,Suggested,"Effectively communicates the unique benefits and value of a product or service to prospective clients, tailored to their specific needs and challenges.",Medium,Medium,3,3,,,,,2025-04-27 15:56:14.172542,2025-04-27 15:56:14.172542,,,Medium,,,f,f,,,,,,,,,,
10,Technical Sales Leadership,Suggested,"Provides expert guidance and leadership in technical sales processes, leveraging deep product knowledge and industry expertise to influence sales outcomes.",Medium,Medium,3,3,,,,,2025-04-27 15:56:14.173208,2025-04-27 15:56:14.173208,,,Medium,,,f,f,,,,,,,,,,
11,Early Stage Sales Support,Suggested,"Engages in the initial phases of the sales cycle to provide demonstrations, develop proofs of concept, and conduct educational workshops, enhancing client understanding and engagement.",Medium,Medium,3,3,,,,,2025-04-27 15:56:14.173654,2025-04-27 15:56:14.173654,,,Medium,,,f,f,,,,,,,,,,
12,Collaborative Territory Management,Suggested,Utilizes collaboration tools and strategic planning to manage sales territories and pinpoint potential sales opportunities in partnership with sales teams.,Medium,Medium,3,3,,,,,2025-04-27 15:56:14.174088,2025-04-27 15:56:14.174088,,,Medium,,,f,f,,,,,,,,,,
13,Competitive Product Demonstration,Suggested,"Focuses on highlighting the unique benefits and superior aspects of a product compared to competitors, effectively communicating its competitive edge to potential clients.",Medium,Medium,3,3,,,,,2025-04-27 15:56:14.174812,2025-04-27 15:56:14.174812,,,Medium,,,f,f,,,,,,,,,,
14,Technical Sales Collaboration,Suggested,Facilitates collaboration and communication among sales teams and technical departments to enhance customer engagement and improve solution delivery.,Medium,Medium,3,3,,,,,2025-04-27 15:56:14.175119,2025-04-27 15:56:14.175119,,,Medium,,,f,f,,,,,,,,,,
15,Adaptive Sales Strategy,Suggested,Enables sales teams to quickly adapt strategies and approaches in response to dynamic market conditions and internal changes to maximize opportunities and revenue growth.,Medium,Medium,3,3,,,,,2025-04-27 15:56:14.175755,2025-04-27 15:56:14.175755,,,Medium,,,f,f,,,,,,,,,,
16,Sales Cycle Expertise,Suggested,Empowers sales professionals with deep understanding and insights into various sales cycles and the critical qualification criteria needed for different stages and deals.,Medium,Medium,3,3,,,,,2025-04-27 15:56:14.17636,2025-04-27 15:56:14.17636,,,Medium,,,f,f,,,,,,,,,,
17,Sales Mentorship & Training,Suggested,"Provides guidance and training to junior sales staff based on personal sales experiences and successes, enhancing team performance and knowledge.",Medium,Medium,3,3,,,,,2025-04-27 15:56:14.176838,2025-04-27 15:56:14.176838,,,Medium,,,f,f,,,,,,,,,,
18,Sales Collaboration & Quota Achievement,Suggested,"Facilitates collaboration between sales team members to meet or exceed sales quotas, ensuring team alignment and effective joint sales strategies.",Medium,Medium,3,3,,,,,2025-04-27 15:56:14.177261,2025-04-27 15:56:14.177261,,,Medium,,,f,f,,,,,,,,,,
19,Operational Improvement & Innovation,Suggested,"Empowers employees to contribute to the improvement of operational processes, training programs, and technological adoption, fostering a culture of continuous innovation and efficiency.",Medium,Medium,3,3,,,,,2025-04-27 15:56:14.177754,2025-04-27 15:56:14.177754,,,Medium,,,f,f,,,,,,,,,,
20,Executive Relationship Management,Suggested,Focuses on building and maintaining strategic relationships with key business executives to influence their decisions and align them with the organization's products and services.,Medium,Medium,3,3,,,,,2025-04-27 15:56:14.178189,2025-04-27 15:56:14.178189,,,Medium,,,f,f,,,,,,,,,,
21,Customer Business Expertise,Suggested,"Develops deep understanding of the customer's business environment, strategic objectives, and industry challenges to effectively align and propose tailored solutions.",Medium,Medium,3,3,,,,,2025-04-27 15:56:14.178686,2025-04-27 15:56:14.178686,,,Medium,,,f,f,,,,,,,,,,
22,Strategic Account Leadership,Suggested,Leads the development and execution of comprehensive account strategies that foster growth and maximize business impact through collaboration with cross-functional teams and partners.,Medium,Medium,3,3,,,,,2025-04-27 15:56:14.179154,2025-04-27 15:56:14.179154,,,Medium,,,f,f,,,,,,,,,,
23,Complex Sales Cycle Management,Suggested,"Manages end-to-end sales processes involving multiple stakeholders and decision-makers, presenting to top executives and negotiating critical contract terms.",Medium,Medium,3,3,,,,,2025-04-27 15:56:14.179618,2025-04-27 15:56:14.179618,,,Medium,,,f,f,,,,,,,,,,
24,Comprehensive Business Development,Suggested,"Drives overall business growth and operational excellence, manages forecasting and strategic goal achievement through leadership across all phases of the customer engagement cycle.",Medium,Medium,3,3,,,,,2025-04-27 15:56:14.180057,2025-04-27 15:56:14.180057,,,Medium,,,f,f,,,,,,,,,,
25,Financial Document Coordination,Suggested,"Facilitates the collection and organization of financial documents from clients, ensuring all necessary paperwork is gathered efficiently and accurately before meetings.",Medium,Medium,3,3,,,,,2025-04-27 15:56:14.180482,2025-04-27 15:56:14.180482,,,Medium,,,f,f,,,,,,,,,,
26,Customer Satisfaction Management,Suggested,Utilizes AI to monitor and analyze customer interactions and feedback to improve service quality and customer satisfaction levels.,Medium,Medium,3,3,,,,,2025-04-27 15:56:14.180804,2025-04-27 15:56:14.180804,,,Medium,,,f,f,,,,,,,,,,
27,Sales Execution & Expansion,Suggested,"Directly engages in selling products or services to new and existing customers, focusing on expanding market reach and increasing revenue.",Medium,Medium,3,3,,,,,2025-04-27 15:56:14.181078,2025-04-27 15:56:14.181078,,,Medium,,,f,f,,,,,,,,,,
28,Customer Relationship Management,Suggested,"Focuses on building and maintaining robust relationships with customers, ensuring high levels of satisfaction and loyalty.",Medium,Medium,3,3,,,,,2025-04-27 15:56:14.181373,2025-04-27 15:56:14.181373,,,Medium,,,f,f,,,,,,,,,,
29,Technical Consultation & Support,Suggested,"Provides expert advice and support to professionals in technical fields, helping them to effectively use products in their specific environments.",Medium,Medium,3,3,,,,,2025-04-27 15:56:14.18174,2025-04-27 15:56:14.18174,,,Medium,,,f,f,,,,,,,,,,
30,AI-Enhanced Discovery Sessions,Suggested,"Utilizes AI to guide sales representatives through discovery sessions, suggesting questions and topics based on prospect's industry, role, and previous interactions.",Medium,Medium,3,3,,,,,2025-04-27 15:56:14.183934,2025-04-27 15:56:14.183934,,,Medium,,,f,f,,,,,,,,,,
31,AI-Enhanced Discovery Session Facilitation,Suggested,"Utilizes AI to guide sales representatives through structured discovery sessions, suggesting questions and topics based on prospect data and previous interactions to maximize the effectiveness of the session.",Medium,Medium,3,3,,,,,2025-04-27 15:56:14.184574,2025-04-27 15:56:14.184574,,,Medium,,,f,f,,,,,,,,,,
32,Market Expansion Strategy,Suggested,"Develops strategies and tactics for entering new markets and acquiring new customer segments, leveraging market analysis and competitive insights.",Medium,Medium,3,3,,,,,2025-04-27 15:56:14.185059,2025-04-27 15:56:14.185059,,,Medium,,,f,f,,,,,,,,,,
33,Global Collaboration and Best Practices Sharing,Suggested,Facilitates effective global teamwork and the sharing of best practices across different regions and units within the organization.,Medium,Medium,3,3,,,,,2025-04-27 15:56:14.185694,2025-04-27 15:56:14.185694,,,Medium,,,f,f,,,,,,,,,,
34,Solution Expertise Development,Suggested,Builds deep knowledge of company products and solutions to effectively advise and guide prospects in solution selection and implementation.,Medium,Medium,3,3,,,,,2025-04-27 15:56:14.18623,2025-04-27 15:56:14.18623,,,Medium,,,f,f,,,,,,,,,,
35,Customized Value Proposition Development,Suggested,"Tailors product or service value propositions to meet the specific needs and challenges of potential clients, enhancing relevance and appeal.",Medium,Medium,3,3,,,,,2025-04-27 15:56:14.186594,2025-04-27 15:56:14.186594,,,Medium,,,f,f,,,,,,,,,,
36,Strategic ROI Positioning,Suggested,"Effectively communicates the return on investment of products or services to high-value clients, emphasizing financial and strategic benefits.",Medium,Medium,3,3,,,,,2025-04-27 15:56:14.187247,2025-04-27 15:56:14.187247,,,Medium,,,f,f,,,,,,,,,,
37,Collaborative Business Development,Suggested,"Works in tandem with senior sales roles to identify and develop new business opportunities, leveraging combined expertise and networks.",Medium,Medium,3,3,,,,,2025-04-27 15:56:14.187638,2025-04-27 15:56:14.187638,,,Medium,,,f,f,,,,,,,,,,
38,Comprehensive Sales Cycle Education,Suggested,"Acquires thorough understanding and mastery of the entire sales process, from prospecting to closing deals.",Medium,Medium,3,3,,,,,2025-04-27 15:56:14.188013,2025-04-27 15:56:14.188013,,,Medium,,,f,f,,,,,,,,,,
39,Sales Development Tools Proficiency,Suggested,Gains expertise in using advanced sales development tools and methodologies to enhance sales effectiveness.,Medium,Medium,3,3,,,,,2025-04-27 15:56:14.188336,2025-04-27 15:56:14.188336,,,Medium,,,f,f,,,,,,,,,,
40,AI-Assisted Sales Presentation,Suggested,Provides AI-driven support tools and data insights to enhance the effectiveness of sales presentations and pitches.,Medium,Medium,3,3,,,,,2025-04-27 15:56:14.188712,2025-04-27 15:56:14.188712,,,Medium,,,f,f,,,,,,,,,,
41,AI-Enhanced Relationship Management,Suggested,Leverages AI to analyze interaction history and social data to suggest personalized engagement strategies and optimize relationship building.,Medium,Medium,3,3,,,,,2025-04-27 15:56:14.189095,2025-04-27 15:56:14.189095,,,Medium,,,f,f,,,,,,,,,,
42,AI-Driven Event Optimization,Suggested,"Utilizes AI to recommend optimal networking events and meetings based on strategic importance, potential ROI, and past outcomes.",Medium,Medium,3,3,,,,,2025-04-27 15:56:14.189824,2025-04-27 15:56:14.189824,,,Medium,,,f,f,,,,,,,,,,
43,Relationship Management,Suggested,"Facilitates the development and maintenance of strong, productive relationships with clients, enhancing customer satisfaction and loyalty.",Medium,Medium,3,3,,,,,2025-04-27 15:56:14.190089,2025-04-27 15:56:14.190089,,,Medium,,,f,f,,,,,,,,,,
44,Sales Closing Automation,Suggested,Employs AI to assist in closing deals by analyzing customer interactions and engagement to suggest optimal closing techniques and timing.,Medium,Medium,3,3,,,,,2025-04-27 15:56:14.19031,2025-04-27 15:56:14.19031,,,Medium,,,f,f,,,,,,,,,,
45,Product Knowledge Dissemination,Suggested,Provides comprehensive and up-to-date information about products to team members to ensure accurate representation in client interactions.,Medium,Medium,3,3,,,,,2025-04-27 15:56:14.190545,2025-04-27 15:56:14.190545,,,Medium,,,f,f,,,,,,,,,,
46,Process Optimization,Suggested,Engages in continuous improvement of internal processes to enhance team efficiency and effectiveness.,Medium,Medium,3,3,,,,,2025-04-27 15:56:14.190896,2025-04-27 15:56:14.190896,,,Medium,,,f,f,,,,,,,,,,
47,Adaptability and Innovation Support,Suggested,Adapts to new process implementations and actively contributes to the ideation and testing of innovative approaches within the team.,Medium,Medium,3,3,,,,,2025-04-27 15:56:14.191265,2025-04-27 15:56:14.191265,,,Medium,,,f,f,,,,,,,,,,
48,AI-Enhanced Consultative Selling,Suggested,"Employs AI to support sales representatives in consultative selling approaches, analyzing customer needs and aligning product offerings effectively based on BANT (Budget, Authority, Need, Timing) criteria.",Medium,Medium,3,3,,,,,2025-04-27 15:56:14.191601,2025-04-27 15:56:14.191601,,,Medium,,,f,f,,,,,,,,,,
49,Quota Achievement & Performance Tracking,Suggested,Monitors and analyzes sales performance against targets to ensure quotas are met and provides insights for improvement.,Medium,Medium,3,3,,,,,2025-04-27 15:56:14.191944,2025-04-27 15:56:14.191944,,,Medium,,,f,f,,,,,,,,,,
50,Sales Training & Development,Suggested,Provides structured training programs and coaching to junior sales representatives to enhance their skills and performance.,Medium,Medium,3,3,,,,,2025-04-27 15:56:14.192325,2025-04-27 15:56:14.192325,,,Medium,,,f,f,,,,,,,,,,
51,Continuous Performance Improvement,Suggested,Implements strategies and tools for ongoing assessment and enhancement of sales team performance.,Medium,Medium,3,3,,,,,2025-04-27 15:56:14.192675,2025-04-27 15:56:14.192675,,,Medium,,,f,f,,,,,,,,,,
52,AI-Enhanced Sales Performance Management,Suggested,"Utilizes AI to monitor and optimize sales performance against targets, providing real-time analytics and predictive insights to help sales representatives meet or exceed their quotas.",Medium,Medium,3,3,,,,,2025-04-27 15:56:14.192995,2025-04-27 15:56:14.192995,,,Medium,,,f,f,,,,,,,,,,
53,Service Knowledge & Communication,Suggested,Develops deep understanding of company services and communicates effectively about them to enhance customer engagement and support sales.,Medium,Medium,3,3,,,,,2025-04-27 15:56:14.193412,2025-04-27 15:56:14.193412,,,Medium,,,f,f,,,,,,,,,,
54,AI-Assisted Meeting Scheduling,Suggested,"Uses AI to identify optimal times for meetings, coordinate schedules between parties, and automatically book meetings with decision-makers.",Medium,Medium,3,3,,,,,2025-04-27 15:56:14.193692,2025-04-27 15:56:14.193692,,,Medium,,,f,f,,,,,,,,,,
55,AI-Powered Lead Qualification,Suggested,"Utilizes AI to analyze interactions and data to qualify leads based on specific criteria such as need, fit, and potential, enhancing the efficiency of the qualification process.",Medium,Medium,3,3,,,,,2025-04-27 15:56:14.193962,2025-04-27 15:56:14.193962,,,Medium,,,f,f,,,,,,,,,,
56,AI-Enhanced Sales Performance Tracking,Suggested,"Leverages AI to monitor and analyze sales performance metrics, providing insights and recommendations to improve target achievement rates.",Medium,Medium,3,3,,,,,2025-04-27 15:56:14.194236,2025-04-27 15:56:14.194236,,,Medium,,,f,f,,,,,,,,,,
57,Product Knowledge Development,Suggested,"Develops comprehensive knowledge of the product's features, benefits, and potential impact to effectively communicate and adapt solutions to customer needs.",Medium,Medium,3,3,,,,,2025-04-27 15:56:14.194506,2025-04-27 15:56:14.194506,,,Medium,,,f,f,,,,,,,,,,
58,Self-Driven Initiative and Execution,Suggested,"Empowers individuals to take personal initiative in their roles, driving tasks and projects to completion with minimal supervision.",Medium,Medium,3,3,,,,,2025-04-27 15:56:14.194793,2025-04-27 15:56:14.194793,,,Medium,,,f,f,,,,,,,,,,
59,Strategic Sales & Marketing Collaboration,Suggested,"Facilitates collaboration between sales, marketing, and partner teams to develop and implement strategies that enhance the sales pipeline and business growth.",Medium,Medium,3,3,,,,,2025-04-27 15:56:14.195066,2025-04-27 15:56:14.195066,,,Medium,,,f,f,,,,,,,,,,
60,Technical Product Education & Communication,Suggested,"Educates and communicates effectively about technical products to a technical audience, understanding their specific goals and challenges to tailor the value proposition.",Medium,Medium,3,3,,,,,2025-04-27 15:56:14.195452,2025-04-27 15:56:14.195452,,,Medium,,,f,f,,,,,,,,,,
61,Team Collaboration Enhancement,Suggested,Facilitates and enhances team collaboration through tools and platforms that enable sharing best practices and effective global teamwork.,Medium,Medium,3,3,,,,,2025-04-27 15:56:14.195695,2025-04-27 15:56:14.195695,,,Medium,,,f,f,,,,,,,,,,
62,Product Knowledge Expertise Development,Suggested,Enhances the ability of sales representatives to become product experts and trusted advisors through training modules and AI-driven learning platforms.,Medium,Medium,3,3,,,,,2025-04-27 15:56:14.195964,2025-04-27 15:56:14.195964,,,Medium,,,f,f,,,,,,,,,,
63,Sales Activity Management,Suggested,"Organizes and prioritizes daily sales activities to meet quotas and management objectives, ensuring efficient time management and task completion.",Medium,Medium,3,3,,,,,2025-04-27 15:56:14.196178,2025-04-27 15:56:14.196178,,,Medium,,,f,f,,,,,,,,,,
64,Product Knowledge Mastery,Suggested,"Develops deep understanding and expertise in the specific products of the company, enabling effective presentation and discussion of product features and benefits with potential clients.",Medium,Medium,3,3,,,,,2025-04-27 15:56:14.196449,2025-04-27 15:56:14.196449,,,Medium,,,f,f,,,,,,,,,,
65,Initial Client Engagement & Qualification,Suggested,"Manages the initial stages of client interaction to assess potential and readiness for further engagement, setting the stage for more detailed discussions and meetings.",Medium,Medium,3,3,,,,,2025-04-27 15:56:14.196856,2025-04-27 15:56:14.196856,,,Medium,,,f,f,,,,,,,,,,
66,Product Knowledge Acquisition & Career Development,Suggested,"Focuses on acquiring deep knowledge of the product and its market application, while preparing for career advancement within the organization.",Medium,Medium,3,3,,,,,2025-04-27 15:56:14.197162,2025-04-27 15:56:14.197162,,,Medium,,,f,f,,,,,,,,,,
67,Sales Role Preparation & Product Knowledge Acquisition,Suggested,"Facilitates the acquisition of in-depth product knowledge and preparation for advanced sales roles, enhancing career progression within the sales domain.",Medium,Medium,3,3,,,,,2025-04-27 15:56:14.197425,2025-04-27 15:56:14.197425,,,Medium,,,f,f,,,,,,,,,,
68,AI-Enhanced Product Presentation,Suggested,"Utilizes AI to dynamically generate and present product information tailored to the specific needs and interests of the customer, enhancing understanding and engagement.",Medium,Medium,3,3,,,,,2025-04-27 15:56:14.19774,2025-04-27 15:56:14.19774,,,Medium,,,f,f,,,,,,,,,,
69,AI-Driven Event Promotion and Management,Suggested,"Leverages AI to optimize event marketing strategies, predict attendee engagement levels, and automate the management of event-related sales tasks.",Medium,Medium,3,3,,,,,2025-04-27 15:56:14.198005,2025-04-27 15:56:14.198005,,,Medium,,,f,f,,,,,,,,,,
70,AI-Optimized Travel and Itinerary Planning,Suggested,"Employs AI to optimize travel schedules and itineraries for sales representatives, ensuring efficient routing and time management for client visits and trade shows.",Medium,Medium,3,3,,,,,2025-04-27 15:56:14.198264,2025-04-27 15:56:14.198264,,,Medium,,,f,f,,,,,,,,,,
71,AI-Enhanced Inside Sales,Suggested,"Utilizes AI to assist in inside sales activities by suggesting optimal times for calls, predicting customer needs based on interaction history, and providing real-time assistance during customer interactions.",Medium,Medium,3,3,,,,,2025-04-27 15:56:14.198569,2025-04-27 15:56:14.198569,,,Medium,,,f,f,,,,,,,,,,
72,AI-Supported Sales Activities,Suggested,"Enhances various sales activities through AI by analyzing customer data to optimize sales pitches, managing inventory levels based on predicted demand, and setting dynamic pricing models.",Medium,Medium,3,3,,,,,2025-04-27 15:56:14.198931,2025-04-27 15:56:14.198931,,,Medium,,,f,f,,,,,,,,,,
73,AI-Driven Business Development,Suggested,"Employs AI to identify new business opportunities by analyzing market trends, competitor activities, and potential customer needs, facilitating strategic planning and decision-making.",Medium,Medium,3,3,,,,,2025-04-27 15:56:14.199197,2025-04-27 15:56:14.199197,,,Medium,,,f,f,,,,,,,,,,
74,Inside Sales Management,Suggested,"Manages and executes inside sales operations including direct customer interactions, handling inquiries, and closing sales deals.",Medium,Medium,3,3,,,,,2025-04-27 15:56:14.199445,2025-04-27 15:56:14.199445,,,Medium,,,f,f,,,,,,,,,,
75,Comprehensive Sales Activity Management,Suggested,"Coordinates and oversees all sales-related activities, from prospecting to closing deals, ensuring alignment with business goals and sales targets.",Medium,Medium,3,3,,,,,2025-04-27 15:56:14.199717,2025-04-27 15:56:14.199717,,,Medium,,,f,f,,,,,,,,,,
76,AI-Supported Sales Execution,Suggested,"Utilizes AI to enhance direct sales processes by providing real-time insights, recommendations, and automated deal scoring to increase sales efficiency and effectiveness.",Medium,Medium,3,3,,,,,2025-04-27 15:56:14.199963,2025-04-27 15:56:14.199963,,,Medium,,,f,f,,,,,,,,,,
77,AI-Driven Business Growth and Partnership Development,Suggested,Leverages AI to identify and cultivate potential business growth opportunities and strategic partnerships through market analysis and predictive modeling.,Medium,Medium,3,3,,,,,2025-04-27 15:56:14.20022,2025-04-27 15:56:14.20022,,,Medium,,,f,f,,,,,,,,,,
78,Sales Training & Account Penetration Strategy,Suggested,Provides AI-driven training modules and strategies for understanding business operations and effective account penetration techniques.,Medium,Medium,3,3,,,,,2025-04-27 15:56:14.200499,2025-04-27 15:56:14.200499,,,Medium,,,f,f,,,,,,,,,,
79,Collaborative Sales Deal Closure,Suggested,Facilitates AI-enhanced collaboration tools and insights to assist sales representatives in closing deals effectively with field reps.,Medium,Medium,3,3,,,,,2025-04-27 15:56:14.200773,2025-04-27 15:56:14.200773,,,Medium,,,f,f,,,,,,,,,,
80,Sales Culture Enhancement,Suggested,"Utilizes AI to foster and maintain a positive sales culture through morale-boosting activities, recognition of achievements, and personalized motivational insights.",Medium,Medium,3,3,,,,,2025-04-27 15:56:14.201022,2025-04-27 15:56:14.201022,,,Medium,,,f,f,,,,,,,,,,
81,Sales Training & Account Penetration Strategies,Suggested,Provides AI-driven training modules and strategies for understanding business context and effective account penetration techniques.,Medium,Medium,3,3,,,,,2025-04-27 15:56:14.201223,2025-04-27 15:56:14.201223,,,Medium,,,f,f,,,,,,,,,,
82,Sales Culture Development,Suggested,"Supports the development and maintenance of a positive sales culture within a specific location or team, leveraging AI to enhance team dynamics and performance.",Medium,Medium,3,3,,,,,2025-04-27 15:56:14.201402,2025-04-27 15:56:14.201402,,,Medium,,,f,f,,,,,,,,,,
83,Team Building and Development,Suggested,"Focuses on recruiting, developing, and retaining high-performing teams, ensuring they meet or exceed organizational standards and goals.",Medium,Medium,3,3,,,,,2025-04-27 15:56:14.20162,2025-04-27 15:56:14.20162,,,Medium,,,f,f,,,,,,,,,,
84,Talent Acquisition and Management,Suggested,"Involves strategies and processes for attracting, developing, and retaining skilled workers to fulfill organizational needs.",Medium,Medium,3,3,,,,,2025-04-27 15:56:14.201809,2025-04-27 15:56:14.201809,,,Medium,,,f,f,,,,,,,,,,
85,Organizational Culture Development,Suggested,"Entails the creation and reinforcement of the desired organizational culture, values, and environment that encourages desired behaviors and practices.",Medium,Medium,3,3,,,,,2025-04-27 15:56:14.202039,2025-04-27 15:56:14.202039,,,Medium,,,f,f,,,,,,,,,,
86,Strategic Planning and Execution,Suggested,"Involves setting company-wide objectives, breaking them down into actionable plans, and adapting strategies to meet evolving market and internal conditions.",Medium,Medium,3,3,,,,,2025-04-27 15:56:14.202222,2025-04-27 15:56:14.202222,,,Medium,,,f,f,,,,,,,,,,
87,Lead Management & Qualification,Suggested,"Handles the initial contact with leads, assesses their interest and qualification status, and manages these leads within the sales pipeline.",Medium,Medium,3,3,,,,,2025-04-27 15:56:14.202394,2025-04-27 15:56:14.202394,,,Medium,,,f,f,,,,,,,,,,
88,Rapport Building & Trust Development,Suggested,"Employs interpersonal skills and communication strategies to quickly establish a connection and trust with potential clients, enhancing relationship-building efforts.",Medium,Medium,3,3,,,,,2025-04-27 15:56:14.202617,2025-04-27 15:56:14.202617,,,Medium,,,f,f,,,,,,,,,,
89,AI-Enhanced Product Demonstrations,Suggested,Uses AI to generate and present customized product or service demonstrations based on the specific needs and characteristics of each prospect.,Medium,Medium,3,3,,,,,2025-04-27 15:56:14.202811,2025-04-27 15:56:14.202811,,,Medium,,,f,f,,,,,,,,,,
90,AI-Enhanced Networking and Event Participation,Suggested,"Utilizes AI to optimize networking strategies at events, identifying key participants and suggesting conversation starters based on shared interests and business objectives.",Medium,Medium,3,3,,,,,2025-04-27 15:56:14.203003,2025-04-27 15:56:14.203003,,,Medium,,,f,f,,,,,,,,,,
91,AI-Facilitated Sales Collaboration,Suggested,"Enhances collaboration between sales team members through AI-driven insights and coordination tools, ensuring efficient lead handoff and alignment on sales strategies.",Medium,Medium,3,3,,,,,2025-04-27 15:56:14.203346,2025-04-27 15:56:14.203346,,,Medium,,,f,f,,,,,,,,,,
92,Cross-Functional AI-Driven Feedback Integration,Suggested,"Utilizes AI to integrate and analyze feedback across different teams (marketing, sales, product) to refine messaging and product offerings based on real-time market data and customer insights.",Medium,Medium,3,3,,,,,2025-04-27 15:56:14.203544,2025-04-27 15:56:14.203544,,,Medium,,,f,f,,,,,,,,,,
93,Appointment Scheduling Automation,Suggested,"Automates the process of scheduling appointments with potential clients, integrating with calendars and providing reminders to both parties.",Medium,Medium,3,3,,,,,2025-04-27 15:56:14.203733,2025-04-27 15:56:14.203733,,,Medium,,,f,f,,,,,,,,,,
94,AI-Enhanced Presentation Tools,Suggested,"Provides AI-driven support for creating and delivering engaging presentations, including dynamic content adjustment based on audience response and interaction.",Medium,Medium,3,3,,,,,2025-04-27 15:56:14.203901,2025-04-27 15:56:14.203901,,,Medium,,,f,f,,,,,,,,,,
95,AI Sales Closing Assistance,Suggested,Utilizes AI to analyze customer interactions and sales progress to suggest optimal times and strategies for closing deals.,Medium,Medium,3,3,,,,,2025-04-27 15:56:14.204071,2025-04-27 15:56:14.204071,,,Medium,,,f,f,,,,,,,,,,
96,AI-Enhanced Inside Sales Management,Suggested,"Uses AI to optimize and manage inside sales activities including call scheduling, prioritization of leads based on likelihood of conversion, and real-time performance analytics.",Medium,Medium,3,3,,,,,2025-04-27 15:56:14.204256,2025-04-27 15:56:14.204256,,,Medium,,,f,f,,,,,,,,,,
97,Sales Experience Acquisition,Suggested,Facilitates the acquisition of sales skills and experience through mentorship and practical engagement with experienced sales professionals.,Medium,Medium,3,3,,,,,2025-04-27 15:56:14.204437,2025-04-27 15:56:14.204437,,,Medium,,,f,f,,,,,,,,,,
98,Executive Engagement Training,Suggested,Provides training and experience in engaging with high-level executives to understand and execute corporate selling strategies.,Medium,Medium,3,3,,,,,2025-04-27 15:56:14.204643,2025-04-27 15:56:14.204643,,,Medium,,,f,f,,,,,,,,,,
99,Cybersecurity Market Analysis,Suggested,Develops an understanding of the cybersecurity market through comprehensive industry research and competitive analysis.,Medium,Medium,3,3,,,,,2025-04-27 15:56:14.204842,2025-04-27 15:56:14.204842,,,Medium,,,f,f,,,,,,,,,,
100,Go-to-Market Strategy Development,Suggested,Learns and contributes to the development of go-to-market strategies through collaboration with partners and stakeholders.,Medium,Medium,3,3,,,,,2025-04-27 15:56:14.205136,2025-04-27 15:56:14.205136,,,Medium,,,f,f,,,,,,,,,,
101,Cross-Functional Collaboration,Suggested,Engages in collaboration across different functional teams to gain a comprehensive understanding of the organization's operations and industry leadership.,Medium,Medium,3,3,,,,,2025-04-27 15:56:14.205426,2025-04-27 15:56:14.205426,,,Medium,,,f,f,,,,,,,,,,
102,Product and Competitor Knowledge Acquisition,Suggested,"Develops deep understanding of the company's products and the competitive market landscape, enabling effective positioning and strategic sales approaches.",Medium,Medium,3,3,,,,,2025-04-27 15:56:14.205604,2025-04-27 15:56:14.205604,,,Medium,,,f,f,,,,,,,,,,
103,Adaptive Process Innovation,Suggested,"Actively adapts to and contributes to the innovation and testing of new operational processes, ensuring continuous improvement.",Medium,Medium,3,3,,,,,2025-04-27 15:56:14.20577,2025-04-27 15:56:14.20577,,,Medium,,,f,f,,,,,,,,,,
104,AI-Enhanced Cold Calling,Suggested,"Empowers sales representatives with AI-driven insights and prompts during live calls to enhance communication effectiveness, handle objections, and maintain resilience.",Medium,Medium,3,3,,,,,2025-04-27 15:56:14.205925,2025-04-27 15:56:14.205925,,,Medium,,,f,f,,,,,,,,,,
105,Strategic Sales Collaboration,Suggested,Facilitates collaboration between sales development representatives and account executives to strategize and execute sales plans effectively.,Medium,Medium,3,3,,,,,2025-04-27 15:56:14.206088,2025-04-27 15:56:14.206088,,,Medium,,,f,f,,,,,,,,,,
106,Product Knowledge Expertise,Suggested,Maintains deep knowledge of company products and services to effectively communicate features and benefits to prospects.,Medium,Medium,3,3,,,,,2025-04-27 15:56:14.206304,2025-04-27 15:56:14.206304,,,Medium,,,f,f,,,,,,,,,,
107,Sales Quota Achievement,Suggested,Focuses on meeting or exceeding set sales quotas through strategic planning and execution of sales activities.,Medium,Medium,3,3,,,,,2025-04-27 15:56:14.206535,2025-04-27 15:56:14.206535,,,Medium,,,f,f,,,,,,,,,,
108,Sales Performance Ownership,Suggested,"Empowers individuals to manage their sales targets and business outcomes, providing tools and insights to track and report performance effectively.",Medium,Medium,3,3,,,,,2025-04-27 15:56:14.206788,2025-04-27 15:56:14.206788,,,Medium,,,f,f,,,,,,,,,,
109,Sales Skill Development,Suggested,"Provides training and development opportunities to enhance sales skills, including improvisation, pitch crafting, and competitive selling techniques.",Medium,Medium,3,3,,,,,2025-04-27 15:56:14.207022,2025-04-27 15:56:14.207022,,,Medium,,,f,f,,,,,,,,,,
110,Ongoing Sales Coaching,Suggested,"Continuous coaching and mentoring provided by management to refine sales techniques, enhance customer interactions, and improve overall service delivery.",Medium,Medium,3,3,,,,,2025-04-27 15:56:14.207222,2025-04-27 15:56:14.207222,,,Medium,,,f,f,,,,,,,,,,
111,In-Office Collaboration Enhancement,Suggested,"Promotes in-office work to foster direct coaching, peer learning, and team building, enhancing collaborative efforts and team dynamics.",Medium,Medium,3,3,,,,,2025-04-27 15:56:14.207449,2025-04-27 15:56:14.207449,,,Medium,,,f,f,,,,,,,,,,
112,High-Volume Phone Communication,Suggested,"Efficiently handles a high volume of phone calls for sales purposes, including dialing, connecting with prospects, and qualifying leads.",Medium,Medium,3,3,,,,,2025-04-27 15:56:14.207612,2025-04-27 15:56:14.207612,,,Medium,,,f,f,,,,,,,,,,
113,Lead Qualification & Demo Setting,Suggested,"Engages with leads to assess their interest and suitability, and sets up product demonstrations for the sales team.",Medium,Medium,3,3,,,,,2025-04-27 15:56:14.207767,2025-04-27 15:56:14.207767,,,Medium,,,f,f,,,,,,,,,,
114,Cold Calling,Suggested,Proactively reaches out to potential leads via phone using a prepared call list when inbound leads are insufficient.,Medium,Medium,3,3,,,,,2025-04-27 15:56:14.207923,2025-04-27 15:56:14.207923,,,Medium,,,f,f,,,,,,,,,,
115,Adaptive Sales Script Execution,Suggested,Follows a predefined sales script effectively while also possessing the ability to adapt and pivot the conversation based on the prospect's responses.,Medium,Medium,3,3,,,,,2025-04-27 15:56:14.208078,2025-04-27 15:56:14.208078,,,Medium,,,f,f,,,,,,,,,,
116,Sales Demo Target Achievement,Suggested,"Focuses on achieving a set target of sales demonstrations per month, aiming to surpass this goal and celebrating successes.",Medium,Medium,3,3,,,,,2025-04-27 15:56:14.208261,2025-04-27 15:56:14.208261,,,Medium,,,f,f,,,,,,,,,,
117,AI-Driven Lead Qualification,Suggested,"Uses AI to analyze interactions and data to assess lead quality, understand specific needs, and determine the potential for product/market fit.",Medium,Medium,3,3,,,,,2025-04-27 15:56:14.208469,2025-04-27 15:56:14.208469,,,Medium,,,f,f,,,,,,,,,,
118,Collaborative Sales Strategy Development,Suggested,"Facilitates AI-driven insights and recommendations to enhance team collaboration on sales strategies, lead management, and meeting preparations.",Medium,Medium,3,3,,,,,2025-04-27 15:56:14.208674,2025-04-27 15:56:14.208674,,,Medium,,,f,f,,,,,,,,,,
119,AI-Powered Sales Presentation Assistance,Suggested,"Provides real-time assistance during sales presentations, offering data-driven insights, handling FAQs, and adapting presentation content dynamically based on audience engagement.",Medium,Medium,3,3,,,,,2025-04-27 15:56:14.208842,2025-04-27 15:56:14.208842,,,Medium,,,f,f,,,,,,,,,,
120,Customer Needs Analysis & Value Communication,Suggested,Analyzes customer needs in collaboration with sales teams and communicates the specific value of products or services effectively to prospects.,Medium,Medium,3,3,,,,,2025-04-27 15:56:14.209007,2025-04-27 15:56:14.209007,,,Medium,,,f,f,,,,,,,,,,
121,Industry Trend Analysis,Suggested,Keeps abreast of industry developments and technological advancements to maintain competitive edge and adapt sales strategies accordingly.,Medium,Medium,3,3,,,,,2025-04-27 15:56:14.209164,2025-04-27 15:56:14.209164,,,Medium,,,f,f,,,,,,,,,,
122,Sales Performance Management,Suggested,"Tracks and analyzes individual sales performance metrics such as pipeline growth, conversion rates, and meeting quotas, providing insights and forecasts to optimize sales strategies.",Medium,Medium,3,3,,,,,2025-04-27 15:56:14.209328,2025-04-27 15:56:14.209328,,,Medium,,,f,f,,,,,,,,,,
123,Face-to-Face Interaction Management,Suggested,"Facilitates and enhances in-person customer interactions through training, scheduling, and performance tracking to improve sales effectiveness.",Medium,Medium,3,3,,,,,2025-04-27 15:56:14.209487,2025-04-27 15:56:14.209487,,,Medium,,,f,f,,,,,,,,,,
124,Sales Technique Mastery Training,Suggested,"Provides structured, hands-on training programs designed to enhance sales representatives' skills and techniques for improved performance.",Medium,Medium,3,3,,,,,2025-04-27 15:56:14.20964,2025-04-27 15:56:14.20964,,,Medium,,,f,f,,,,,,,,,,
125,High-Volume Call Management,Suggested,"Enables efficient management and execution of high-volume outbound call activities, optimizing call schedules and automating dialing processes.",Medium,Medium,3,3,,,,,2025-04-27 15:56:14.209795,2025-04-27 15:56:14.209795,,,Medium,,,f,f,,,,,,,,,,
126,Performance and Accountability Enhancement,Suggested,"Tools and systems designed to enhance the urgency, energy, and accountability in sales operations, possibly through gamification or real-time performance feedback.",Medium,Medium,3,3,,,,,2025-04-27 15:56:14.20996,2025-04-27 15:56:14.20996,,,Medium,,,f,f,,,,,,,,,,
127,Strategic Consultation Scheduling,Suggested,"Automates the scheduling of strategic consultations based on the availability of sales teams and the priority of the prospect, ensuring optimal alignment and preparation.",Medium,Medium,3,3,,,,,2025-04-27 15:56:14.210118,2025-04-27 15:56:14.210118,,,Medium,,,f,f,,,,,,,,,,
128,Market Trend Analysis,Suggested,"Leverages AI to continuously analyze and report on emerging trends and shifts in the market, providing actionable insights to sales teams.",Medium,Medium,3,3,,,,,2025-04-27 15:56:14.210351,2025-04-27 15:56:14.210351,,,Medium,,,f,f,,,,,,,,,,
129,Event Engagement Optimization,Suggested,"Utilizes AI to optimize engagement strategies at events, identifying key attendees, scheduling meetings, and providing real-time insights to maximize networking opportunities.",Medium,Medium,3,3,,,,,2025-04-27 15:56:14.210576,2025-04-27 15:56:14.210576,,,Medium,,,f,f,,,,,,,,,,
